Using pre-set license
Built from '2020.3/staging' branch; Version is '2020.3.32f1 (12f8b0834f07) revision 1243312'; Using compiler version '192528614'; Build Type 'Release'
OS: 'Windows 11  (10.0.26200) 64bit Professional' Language: 'en' Physical Memory: 16099 MB
BatchMode: 1, IsHumanControllingUs: 0, StartBugReporterOnCrash: 0, Is64bit: 1, IsPro: 0

COMMAND LINE ARGUMENTS:
C:\Program Files\Unity\Hub\Editor\2020.3.32f1\Editor\Unity.exe
-adb2
-batchMode
-noUpm
-name
AssetImportWorker0
-projectPath
D:/Untiy-Code/Player Movement
-logFile
Logs/AssetImportWorker0.log
-srvPort
61459
Successfully changed project path to: D:/Untiy-Code/Player Movement
D:/Untiy-Code/Player Movement
Using Asset Import Pipeline V2.
Refreshing native plugins compatible for Editor in 51.34 ms, found 3 plugins.
Preloading 0 native plugins for Editor in 0.00 ms.
Initialize engine version: 2020.3.32f1 (12f8b0834f07)
[Subsystems] Discovering subsystems at path C:/Program Files/Unity/Hub/Editor/2020.3.32f1/Editor/Data/Resources/UnitySubsystems
[Subsystems] Discovering subsystems at path D:/Untiy-Code/Player Movement/Assets
GfxDevice: creating device client; threaded=0
Direct3D:
    Version:  Direct3D 11.0 [level 11.1]
    Renderer: Intel(R) UHD Graphics 620 (ID=0x3ea0)
    Vendor:   
    VRAM:     8049 MB
    Driver:   30.0.101.1692
Initialize mono
Mono path[0] = 'C:/Program Files/Unity/Hub/Editor/2020.3.32f1/Editor/Data/Managed'
Mono path[1] = 'C:/Program Files/Unity/Hub/Editor/2020.3.32f1/Editor/Data/MonoBleedingEdge/lib/mono/unityjit'
Mono config path = 'C:/Program Files/Unity/Hub/Editor/2020.3.32f1/Editor/Data/MonoBleedingEdge/etc'
Using monoOptions --debugger-agent=transport=dt_socket,embedding=1,server=y,suspend=n,address=127.0.0.1:56356
Begin MonoManager ReloadAssembly
Registering precompiled unity dll's ...
Register platform support module: C:/Program Files/Unity/Hub/Editor/2020.3.32f1/Editor/Data/PlaybackEngines/WindowsStandaloneSupport/UnityEditor.WindowsStandalone.Extensions.dll
Registered in 0.001514 seconds.
Native extension for WindowsStandalone target not found
Refreshing native plugins compatible for Editor in 51.66 ms, found 3 plugins.
Preloading 0 native plugins for Editor in 0.00 ms.
Mono: successfully reloaded assembly
- Completed reload, in  0.643 seconds
Domain Reload Profiling:
	ReloadAssembly (643ms)
		BeginReloadAssembly (72ms)
			ExecutionOrderSort (0ms)
			DisableScriptedObjects (0ms)
			BackupInstance (0ms)
			ReleaseScriptingObjects (0ms)
			CreateAndSetChildDomain (1ms)
		EndReloadAssembly (500ms)
			LoadAssemblies (71ms)
			RebuildTransferFunctionScriptingTraits (0ms)
			SetupTypeCache (166ms)
			ReleaseScriptCaches (0ms)
			RebuildScriptCaches (33ms)
			SetupLoadedEditorAssemblies (189ms)
				LogAssemblyErrors (0ms)
				InitializePlatformSupportModulesInManaged (4ms)
				SetLoadedEditorAssemblies (0ms)
				RefreshPlugins (52ms)
				BeforeProcessingInitializeOnLoad (9ms)
				ProcessInitializeOnLoadAttributes (93ms)
				ProcessInitializeOnLoadMethodAttributes (31ms)
				AfterProcessingInitializeOnLoad (0ms)
				EditorAssembliesLoaded (0ms)
			ExecutionOrderSort2 (0ms)
			AwakeInstancesAfterBackupRestoration (0ms)
Platform modules already initialized, skipping
Registering precompiled user dll's ...
Registered in 0.002219 seconds.
Begin MonoManager ReloadAssembly
Native extension for WindowsStandalone target not found
Refreshing native plugins compatible for Editor in 52.72 ms, found 3 plugins.
Preloading 0 native plugins for Editor in 0.00 ms.
Mono: successfully reloaded assembly
- Completed reload, in  1.215 seconds
Domain Reload Profiling:
	ReloadAssembly (1216ms)
		BeginReloadAssembly (160ms)
			ExecutionOrderSort (0ms)
			DisableScriptedObjects (5ms)
			BackupInstance (0ms)
			ReleaseScriptingObjects (0ms)
			CreateAndSetChildDomain (19ms)
		EndReloadAssembly (996ms)
			LoadAssemblies (107ms)
			RebuildTransferFunctionScriptingTraits (0ms)
			SetupTypeCache (325ms)
			ReleaseScriptCaches (0ms)
			RebuildScriptCaches (51ms)
			SetupLoadedEditorAssemblies (397ms)
				LogAssemblyErrors (0ms)
				InitializePlatformSupportModulesInManaged (4ms)
				SetLoadedEditorAssemblies (0ms)
				RefreshPlugins (53ms)
				BeforeProcessingInitializeOnLoad (81ms)
				ProcessInitializeOnLoadAttributes (237ms)
				ProcessInitializeOnLoadMethodAttributes (18ms)
				AfterProcessingInitializeOnLoad (5ms)
				EditorAssembliesLoaded (0ms)
			ExecutionOrderSort2 (0ms)
			AwakeInstancesAfterBackupRestoration (7ms)
Platform modules already initialized, skipping
========================================================================
Worker process is ready to serve import requests
Launched and connected shader compiler UnityShaderCompiler.exe after 0.05 seconds
Refreshing native plugins compatible for Editor in 0.43 ms, found 3 plugins.
Preloading 0 native plugins for Editor in 0.00 ms.
Unloading 2201 Unused Serialized files (Serialized files now loaded: 0)
System memory in use before: 96.9 MB.
System memory in use after: 97.0 MB.

Unloading 25 unused Assets to reduce memory usage. Loaded Objects now: 2638.
Total: 3.177000 ms (FindLiveObjects: 0.182500 ms CreateObjectMapping: 0.076000 ms MarkObjects: 2.825800 ms  DeleteObjects: 0.091800 ms)

AssetImportParameters requested are different than current active one (requested -> active):
  custom:framework-win-MediaFoundation: 216162199b28c13a410421893ffa2e32 -> 
  custom:video-decoder-ogg-theora: a1e56fd34408186e4bbccfd4996cb3dc -> 
  custom:container-muxer-webm: aa71ff27fc2769a1b78a27578f13a17b -> 
  custom:container-demuxer-webm: 4f35f7cbe854078d1ac9338744f61a02 -> 
  custom:container-demuxer-ogg: 62fdf1f143b41e24485cea50d1cbac27 -> 
  custom:video-encoder-webm-vp8: eb34c28f22e8b96e1ab97ce403110664 -> 
  custom:video-codec-MediaFoundation-h265: 746d11721c4dcdbdad8f713fa42b33f4 -> 
  custom:video-decoder-webm-vp8: 9c59270c3fd7afecdb556c50c9e8de78 -> 
  custom:audio-decoder-ogg-vorbis: bf7c407c2cedff20999df2af8eb42d56 -> 
  custom:audio-encoder-webm-vorbis: bf7c407c2cedff20999df2af8eb42d56 -> 
========================================================================
Received Import Request.
  path: Assets/PlayerMovement.cs
  artifactKey: Guid(f064e6a120a585540a588447fa2aae8f) Importer(815301076,1909f56bfc062723c751e8b465ee728b)
Start importing Assets/PlayerMovement.cs using Guid(f064e6a120a585540a588447fa2aae8f) Importer(815301076,1909f56bfc062723c751e8b465ee728b)  -> (artifact id: '14721507a60729669b0759a64746a705') in 0.044058 seconds 
========================================================================
Received Prepare
Registering precompiled user dll's ...
Registered in 0.004099 seconds.
Begin MonoManager ReloadAssembly
Native extension for WindowsStandalone target not found
Refreshing native plugins compatible for Editor in 0.52 ms, found 3 plugins.
Preloading 0 native plugins for Editor in 0.00 ms.
Mono: successfully reloaded assembly
- Completed reload, in  1.060 seconds
Domain Reload Profiling:
	ReloadAssembly (1061ms)
		BeginReloadAssembly (145ms)
			ExecutionOrderSort (0ms)
			DisableScriptedObjects (6ms)
			BackupInstance (0ms)
			ReleaseScriptingObjects (0ms)
			CreateAndSetChildDomain (43ms)
		EndReloadAssembly (847ms)
			LoadAssemblies (137ms)
			RebuildTransferFunctionScriptingTraits (0ms)
			SetupTypeCache (313ms)
			ReleaseScriptCaches (1ms)
			RebuildScriptCaches (44ms)
			SetupLoadedEditorAssemblies (280ms)
				LogAssemblyErrors (0ms)
				InitializePlatformSupportModulesInManaged (4ms)
				SetLoadedEditorAssemblies (1ms)
				RefreshPlugins (1ms)
				BeforeProcessingInitializeOnLoad (58ms)
				ProcessInitializeOnLoadAttributes (202ms)
				ProcessInitializeOnLoadMethodAttributes (11ms)
				AfterProcessingInitializeOnLoad (5ms)
				EditorAssembliesLoaded (0ms)
			ExecutionOrderSort2 (0ms)
			AwakeInstancesAfterBackupRestoration (9ms)
Platform modules already initialized, skipping
Refreshing native plugins compatible for Editor in 0.46 ms, found 3 plugins.
Preloading 0 native plugins for Editor in 0.00 ms.
Unloading 2190 Unused Serialized files (Serialized files now loaded: 0)
System memory in use before: 96.3 MB.
System memory in use after: 96.4 MB.

Unloading 14 unused Assets to reduce memory usage. Loaded Objects now: 2641.
Total: 3.099700 ms (FindLiveObjects: 0.176600 ms CreateObjectMapping: 0.080100 ms MarkObjects: 2.818400 ms  DeleteObjects: 0.023500 ms)

AssetImportParameters requested are different than current active one (requested -> active):
  custom:framework-win-MediaFoundation: 216162199b28c13a410421893ffa2e32 -> 
  custom:video-decoder-ogg-theora: a1e56fd34408186e4bbccfd4996cb3dc -> 
  custom:container-muxer-webm: aa71ff27fc2769a1b78a27578f13a17b -> 
  custom:container-demuxer-webm: 4f35f7cbe854078d1ac9338744f61a02 -> 
  custom:container-demuxer-ogg: 62fdf1f143b41e24485cea50d1cbac27 -> 
  custom:video-encoder-webm-vp8: eb34c28f22e8b96e1ab97ce403110664 -> 
  custom:video-codec-MediaFoundation-h265: 746d11721c4dcdbdad8f713fa42b33f4 -> 
  custom:video-decoder-webm-vp8: 9c59270c3fd7afecdb556c50c9e8de78 -> 
  custom:audio-decoder-ogg-vorbis: bf7c407c2cedff20999df2af8eb42d56 -> 
  custom:audio-encoder-webm-vorbis: bf7c407c2cedff20999df2af8eb42d56 -> 
========================================================================
Received Import Request.
  Time since last request: 13.521480 seconds.
  path: Assets/PlayerMovement.cs
  artifactKey: Guid(f064e6a120a585540a588447fa2aae8f) Importer(815301076,1909f56bfc062723c751e8b465ee728b)
Start importing Assets/PlayerMovement.cs using Guid(f064e6a120a585540a588447fa2aae8f) Importer(815301076,1909f56bfc062723c751e8b465ee728b)  -> (artifact id: '4a041b61b5378441d4b8cb89af0cc386') in 0.005559 seconds 
========================================================================
Received Import Request.
  Time since last request: 294.761778 seconds.
  path: ProjectSettings/TagManager.asset
  artifactKey: Guid(00000000000000003000000000000000) Importer(815301076,1909f56bfc062723c751e8b465ee728b)
Start importing ProjectSettings/TagManager.asset using Guid(00000000000000003000000000000000) Importer(815301076,1909f56bfc062723c751e8b465ee728b)  -> (artifact id: '95df672b4aaba54310d34c83eef51bb8') in 0.032579 seconds 
========================================================================
Received Prepare
Registering precompiled user dll's ...
Registered in 0.002170 seconds.
Begin MonoManager ReloadAssembly
Native extension for WindowsStandalone target not found
Refreshing native plugins compatible for Editor in 0.50 ms, found 3 plugins.
Preloading 0 native plugins for Editor in 0.00 ms.
Mono: successfully reloaded assembly
- Completed reload, in  1.153 seconds
Domain Reload Profiling:
	ReloadAssembly (1153ms)
		BeginReloadAssembly (126ms)
			ExecutionOrderSort (0ms)
			DisableScriptedObjects (6ms)
			BackupInstance (0ms)
			ReleaseScriptingObjects (0ms)
			CreateAndSetChildDomain (37ms)
		EndReloadAssembly (960ms)
			LoadAssemblies (105ms)
			RebuildTransferFunctionScriptingTraits (0ms)
			SetupTypeCache (350ms)
			ReleaseScriptCaches (1ms)
			RebuildScriptCaches (46ms)
			SetupLoadedEditorAssemblies (332ms)
				LogAssemblyErrors (0ms)
				InitializePlatformSupportModulesInManaged (5ms)
				SetLoadedEditorAssemblies (1ms)
				RefreshPlugins (1ms)
				BeforeProcessingInitializeOnLoad (70ms)
				ProcessInitializeOnLoadAttributes (237ms)
				ProcessInitializeOnLoadMethodAttributes (13ms)
				AfterProcessingInitializeOnLoad (6ms)
				EditorAssembliesLoaded (0ms)
			ExecutionOrderSort2 (0ms)
			AwakeInstancesAfterBackupRestoration (11ms)
Platform modules already initialized, skipping
Refreshing native plugins compatible for Editor in 0.58 ms, found 3 plugins.
Preloading 0 native plugins for Editor in 0.00 ms.
Unloading 2190 Unused Serialized files (Serialized files now loaded: 0)
System memory in use before: 96.3 MB.
System memory in use after: 96.5 MB.

Unloading 15 unused Assets to reduce memory usage. Loaded Objects now: 2644.
Total: 3.926000 ms (FindLiveObjects: 0.189700 ms CreateObjectMapping: 0.081900 ms MarkObjects: 3.613300 ms  DeleteObjects: 0.039500 ms)

AssetImportParameters requested are different than current active one (requested -> active):
  custom:framework-win-MediaFoundation: 216162199b28c13a410421893ffa2e32 -> 
  custom:video-decoder-ogg-theora: a1e56fd34408186e4bbccfd4996cb3dc -> 
  custom:container-muxer-webm: aa71ff27fc2769a1b78a27578f13a17b -> 
  custom:container-demuxer-webm: 4f35f7cbe854078d1ac9338744f61a02 -> 
  custom:container-demuxer-ogg: 62fdf1f143b41e24485cea50d1cbac27 -> 
  custom:video-encoder-webm-vp8: eb34c28f22e8b96e1ab97ce403110664 -> 
  custom:video-codec-MediaFoundation-h265: 746d11721c4dcdbdad8f713fa42b33f4 -> 
  custom:video-decoder-webm-vp8: 9c59270c3fd7afecdb556c50c9e8de78 -> 
  custom:audio-decoder-ogg-vorbis: bf7c407c2cedff20999df2af8eb42d56 -> 
  custom:audio-encoder-webm-vorbis: bf7c407c2cedff20999df2af8eb42d56 -> 
========================================================================
Received Prepare
Registering precompiled user dll's ...
Registered in 0.002306 seconds.
Begin MonoManager ReloadAssembly
Native extension for WindowsStandalone target not found
Refreshing native plugins compatible for Editor in 0.99 ms, found 3 plugins.
Preloading 0 native plugins for Editor in 0.00 ms.
Mono: successfully reloaded assembly
- Completed reload, in  1.291 seconds
Domain Reload Profiling:
	ReloadAssembly (1292ms)
		BeginReloadAssembly (133ms)
			ExecutionOrderSort (0ms)
			DisableScriptedObjects (8ms)
			BackupInstance (0ms)
			ReleaseScriptingObjects (0ms)
			CreateAndSetChildDomain (35ms)
		EndReloadAssembly (1090ms)
			LoadAssemblies (115ms)
			RebuildTransferFunctionScriptingTraits (0ms)
			SetupTypeCache (359ms)
			ReleaseScriptCaches (1ms)
			RebuildScriptCaches (56ms)
			SetupLoadedEditorAssemblies (426ms)
				LogAssemblyErrors (0ms)
				InitializePlatformSupportModulesInManaged (6ms)
				SetLoadedEditorAssemblies (1ms)
				RefreshPlugins (1ms)
				BeforeProcessingInitializeOnLoad (90ms)
				ProcessInitializeOnLoadAttributes (303ms)
				ProcessInitializeOnLoadMethodAttributes (17ms)
				AfterProcessingInitializeOnLoad (7ms)
				EditorAssembliesLoaded (0ms)
			ExecutionOrderSort2 (0ms)
			AwakeInstancesAfterBackupRestoration (13ms)
Platform modules already initialized, skipping
Refreshing native plugins compatible for Editor in 0.65 ms, found 3 plugins.
Preloading 0 native plugins for Editor in 0.00 ms.
Unloading 2190 Unused Serialized files (Serialized files now loaded: 0)
System memory in use before: 96.4 MB.
System memory in use after: 96.5 MB.

Unloading 14 unused Assets to reduce memory usage. Loaded Objects now: 2647.
Total: 6.078300 ms (FindLiveObjects: 0.229400 ms CreateObjectMapping: 0.130400 ms MarkObjects: 5.671400 ms  DeleteObjects: 0.045400 ms)

AssetImportParameters requested are different than current active one (requested -> active):
  custom:framework-win-MediaFoundation: 216162199b28c13a410421893ffa2e32 -> 
  custom:video-decoder-ogg-theora: a1e56fd34408186e4bbccfd4996cb3dc -> 
  custom:container-muxer-webm: aa71ff27fc2769a1b78a27578f13a17b -> 
  custom:container-demuxer-webm: 4f35f7cbe854078d1ac9338744f61a02 -> 
  custom:container-demuxer-ogg: 62fdf1f143b41e24485cea50d1cbac27 -> 
  custom:video-encoder-webm-vp8: eb34c28f22e8b96e1ab97ce403110664 -> 
  custom:video-codec-MediaFoundation-h265: 746d11721c4dcdbdad8f713fa42b33f4 -> 
  custom:video-decoder-webm-vp8: 9c59270c3fd7afecdb556c50c9e8de78 -> 
  custom:audio-decoder-ogg-vorbis: bf7c407c2cedff20999df2af8eb42d56 -> 
  custom:audio-encoder-webm-vorbis: bf7c407c2cedff20999df2af8eb42d56 -> 
========================================================================
Received Prepare
Registering precompiled user dll's ...
Registered in 0.002458 seconds.
Begin MonoManager ReloadAssembly
Native extension for WindowsStandalone target not found
Refreshing native plugins compatible for Editor in 0.72 ms, found 3 plugins.
Preloading 0 native plugins for Editor in 0.00 ms.
Mono: successfully reloaded assembly
- Completed reload, in  1.431 seconds
Domain Reload Profiling:
	ReloadAssembly (1432ms)
		BeginReloadAssembly (156ms)
			ExecutionOrderSort (0ms)
			DisableScriptedObjects (9ms)
			BackupInstance (0ms)
			ReleaseScriptingObjects (0ms)
			CreateAndSetChildDomain (42ms)
		EndReloadAssembly (1184ms)
			LoadAssemblies (140ms)
			RebuildTransferFunctionScriptingTraits (0ms)
			SetupTypeCache (410ms)
			ReleaseScriptCaches (1ms)
			RebuildScriptCaches (61ms)
			SetupLoadedEditorAssemblies (447ms)
				LogAssemblyErrors (0ms)
				InitializePlatformSupportModulesInManaged (6ms)
				SetLoadedEditorAssemblies (1ms)
				RefreshPlugins (1ms)
				BeforeProcessingInitializeOnLoad (100ms)
				ProcessInitializeOnLoadAttributes (311ms)
				ProcessInitializeOnLoadMethodAttributes (17ms)
				AfterProcessingInitializeOnLoad (10ms)
				EditorAssembliesLoaded (0ms)
			ExecutionOrderSort2 (0ms)
			AwakeInstancesAfterBackupRestoration (14ms)
Platform modules already initialized, skipping
Refreshing native plugins compatible for Editor in 0.66 ms, found 3 plugins.
Preloading 0 native plugins for Editor in 0.00 ms.
Unloading 2190 Unused Serialized files (Serialized files now loaded: 0)
System memory in use before: 96.4 MB.
System memory in use after: 96.5 MB.

Unloading 14 unused Assets to reduce memory usage. Loaded Objects now: 2650.
Total: 4.903700 ms (FindLiveObjects: 0.221300 ms CreateObjectMapping: 0.143700 ms MarkObjects: 4.496300 ms  DeleteObjects: 0.040700 ms)

AssetImportParameters requested are different than current active one (requested -> active):
  custom:framework-win-MediaFoundation: 216162199b28c13a410421893ffa2e32 -> 
  custom:video-decoder-ogg-theora: a1e56fd34408186e4bbccfd4996cb3dc -> 
  custom:container-muxer-webm: aa71ff27fc2769a1b78a27578f13a17b -> 
  custom:container-demuxer-webm: 4f35f7cbe854078d1ac9338744f61a02 -> 
  custom:container-demuxer-ogg: 62fdf1f143b41e24485cea50d1cbac27 -> 
  custom:video-encoder-webm-vp8: eb34c28f22e8b96e1ab97ce403110664 -> 
  custom:video-codec-MediaFoundation-h265: 746d11721c4dcdbdad8f713fa42b33f4 -> 
  custom:video-decoder-webm-vp8: 9c59270c3fd7afecdb556c50c9e8de78 -> 
  custom:audio-decoder-ogg-vorbis: bf7c407c2cedff20999df2af8eb42d56 -> 
  custom:audio-encoder-webm-vorbis: bf7c407c2cedff20999df2af8eb42d56 -> 
========================================================================
Received Prepare
Registering precompiled user dll's ...
Registered in 0.002283 seconds.
Begin MonoManager ReloadAssembly
Native extension for WindowsStandalone target not found
Refreshing native plugins compatible for Editor in 0.54 ms, found 3 plugins.
Preloading 0 native plugins for Editor in 0.00 ms.
Mono: successfully reloaded assembly
- Completed reload, in  1.184 seconds
Domain Reload Profiling:
	ReloadAssembly (1185ms)
		BeginReloadAssembly (130ms)
			ExecutionOrderSort (0ms)
			DisableScriptedObjects (8ms)
			BackupInstance (0ms)
			ReleaseScriptingObjects (0ms)
			CreateAndSetChildDomain (33ms)
		EndReloadAssembly (983ms)
			LoadAssemblies (111ms)
			RebuildTransferFunctionScriptingTraits (0ms)
			SetupTypeCache (344ms)
			ReleaseScriptCaches (1ms)
			RebuildScriptCaches (49ms)
			SetupLoadedEditorAssemblies (353ms)
				LogAssemblyErrors (0ms)
				InitializePlatformSupportModulesInManaged (6ms)
				SetLoadedEditorAssemblies (1ms)
				RefreshPlugins (1ms)
				BeforeProcessingInitializeOnLoad (69ms)
				ProcessInitializeOnLoadAttributes (252ms)
				ProcessInitializeOnLoadMethodAttributes (17ms)
				AfterProcessingInitializeOnLoad (6ms)
				EditorAssembliesLoaded (0ms)
			ExecutionOrderSort2 (0ms)
			AwakeInstancesAfterBackupRestoration (11ms)
Platform modules already initialized, skipping
Refreshing native plugins compatible for Editor in 0.97 ms, found 3 plugins.
Preloading 0 native plugins for Editor in 0.00 ms.
Unloading 2190 Unused Serialized files (Serialized files now loaded: 0)
System memory in use before: 96.4 MB.
System memory in use after: 96.5 MB.

Unloading 14 unused Assets to reduce memory usage. Loaded Objects now: 2653.
Total: 4.973900 ms (FindLiveObjects: 0.223700 ms CreateObjectMapping: 0.120600 ms MarkObjects: 4.579300 ms  DeleteObjects: 0.048600 ms)

AssetImportParameters requested are different than current active one (requested -> active):
  custom:framework-win-MediaFoundation: 216162199b28c13a410421893ffa2e32 -> 
  custom:video-decoder-ogg-theora: a1e56fd34408186e4bbccfd4996cb3dc -> 
  custom:container-muxer-webm: aa71ff27fc2769a1b78a27578f13a17b -> 
  custom:container-demuxer-webm: 4f35f7cbe854078d1ac9338744f61a02 -> 
  custom:container-demuxer-ogg: 62fdf1f143b41e24485cea50d1cbac27 -> 
  custom:video-encoder-webm-vp8: eb34c28f22e8b96e1ab97ce403110664 -> 
  custom:video-codec-MediaFoundation-h265: 746d11721c4dcdbdad8f713fa42b33f4 -> 
  custom:video-decoder-webm-vp8: 9c59270c3fd7afecdb556c50c9e8de78 -> 
  custom:audio-decoder-ogg-vorbis: bf7c407c2cedff20999df2af8eb42d56 -> 
  custom:audio-encoder-webm-vorbis: bf7c407c2cedff20999df2af8eb42d56 -> 
========================================================================
Received Prepare
Registering precompiled user dll's ...
Registered in 0.002401 seconds.
Begin MonoManager ReloadAssembly
Native extension for WindowsStandalone target not found
Refreshing native plugins compatible for Editor in 1.17 ms, found 3 plugins.
Preloading 0 native plugins for Editor in 0.00 ms.
Mono: successfully reloaded assembly
- Completed reload, in  1.616 seconds
Domain Reload Profiling:
	ReloadAssembly (1617ms)
		BeginReloadAssembly (119ms)
			ExecutionOrderSort (0ms)
			DisableScriptedObjects (7ms)
			BackupInstance (0ms)
			ReleaseScriptingObjects (0ms)
			CreateAndSetChildDomain (34ms)
		EndReloadAssembly (1437ms)
			LoadAssemblies (104ms)
			RebuildTransferFunctionScriptingTraits (0ms)
			SetupTypeCache (308ms)
			ReleaseScriptCaches (2ms)
			RebuildScriptCaches (60ms)
			SetupLoadedEditorAssemblies (722ms)
				LogAssemblyErrors (0ms)
				InitializePlatformSupportModulesInManaged (10ms)
				SetLoadedEditorAssemblies (2ms)
				RefreshPlugins (1ms)
				BeforeProcessingInitializeOnLoad (115ms)
				ProcessInitializeOnLoadAttributes (471ms)
				ProcessInitializeOnLoadMethodAttributes (28ms)
				AfterProcessingInitializeOnLoad (94ms)
				EditorAssembliesLoaded (2ms)
			ExecutionOrderSort2 (0ms)
			AwakeInstancesAfterBackupRestoration (20ms)
Platform modules already initialized, skipping
Refreshing native plugins compatible for Editor in 0.48 ms, found 3 plugins.
Preloading 0 native plugins for Editor in 0.00 ms.
Unloading 2190 Unused Serialized files (Serialized files now loaded: 0)
System memory in use before: 96.4 MB.
System memory in use after: 96.5 MB.

Unloading 14 unused Assets to reduce memory usage. Loaded Objects now: 2656.
Total: 3.659800 ms (FindLiveObjects: 0.226000 ms CreateObjectMapping: 0.139900 ms MarkObjects: 3.258300 ms  DeleteObjects: 0.034000 ms)

AssetImportParameters requested are different than current active one (requested -> active):
  custom:framework-win-MediaFoundation: 216162199b28c13a410421893ffa2e32 -> 
  custom:video-decoder-ogg-theora: a1e56fd34408186e4bbccfd4996cb3dc -> 
  custom:container-muxer-webm: aa71ff27fc2769a1b78a27578f13a17b -> 
  custom:container-demuxer-webm: 4f35f7cbe854078d1ac9338744f61a02 -> 
  custom:container-demuxer-ogg: 62fdf1f143b41e24485cea50d1cbac27 -> 
  custom:video-encoder-webm-vp8: eb34c28f22e8b96e1ab97ce403110664 -> 
  custom:video-codec-MediaFoundation-h265: 746d11721c4dcdbdad8f713fa42b33f4 -> 
  custom:video-decoder-webm-vp8: 9c59270c3fd7afecdb556c50c9e8de78 -> 
  custom:audio-decoder-ogg-vorbis: bf7c407c2cedff20999df2af8eb42d56 -> 
  custom:audio-encoder-webm-vorbis: bf7c407c2cedff20999df2af8eb42d56 -> 
========================================================================
Received Import Request.
  Time since last request: 551.602483 seconds.
  path: Assets/New folder
  artifactKey: Guid(60a2cab367fed7643b9bcf203abfd1b5) Importer(815301076,1909f56bfc062723c751e8b465ee728b)
Start importing Assets/New folder using Guid(60a2cab367fed7643b9bcf203abfd1b5) Importer(815301076,1909f56bfc062723c751e8b465ee728b)  -> (artifact id: '45623eb23e74d33afe68aca0208394d7') in 0.028282 seconds 
========================================================================
Received Import Request.
  Time since last request: 3.568714 seconds.
  path: Assets/Sprites
  artifactKey: Guid(01e85f0a6f532ca4ab74de2b184b2d37) Importer(815301076,1909f56bfc062723c751e8b465ee728b)
Start importing Assets/Sprites using Guid(01e85f0a6f532ca4ab74de2b184b2d37) Importer(815301076,1909f56bfc062723c751e8b465ee728b)  -> (artifact id: '60679292024f312236256617f83fc44b') in 0.017231 seconds 
========================================================================
Received Import Request.
  Time since last request: 0.101196 seconds.
  path: Assets/Sprites/!Credit.jpg
  artifactKey: Guid(a177a30090dc54745bf963c385a8326a) Importer(815301076,1909f56bfc062723c751e8b465ee728b)
Start importing Assets/Sprites/!Credit.jpg using Guid(a177a30090dc54745bf963c385a8326a) Importer(815301076,1909f56bfc062723c751e8b465ee728b)  -> (artifact id: '9a5b1866003d09dcc9fc32e73e460ccf') in 0.105484 seconds 
========================================================================
Received Import Request.
  Time since last request: 0.000334 seconds.
  path: Assets/Sprites/All Bricks.png
  artifactKey: Guid(b7c9e1fe4b51b1146be2845107315eb6) Importer(815301076,1909f56bfc062723c751e8b465ee728b)
Start importing Assets/Sprites/All Bricks.png using Guid(b7c9e1fe4b51b1146be2845107315eb6) Importer(815301076,1909f56bfc062723c751e8b465ee728b)  -> (artifact id: '2fef959f1e497d6f5f89252223664b08') in 0.037441 seconds 
========================================================================
Received Import Request.
  Time since last request: 0.000393 seconds.
  path: Assets/Sprites/Chest Gold 1.png
  artifactKey: Guid(835d1633da0c7834fb2886620e883540) Importer(815301076,1909f56bfc062723c751e8b465ee728b)
Start importing Assets/Sprites/Chest Gold 1.png using Guid(835d1633da0c7834fb2886620e883540) Importer(815301076,1909f56bfc062723c751e8b465ee728b)  -> (artifact id: '4102492850eef6d4721ca334c169f19c') in 0.031519 seconds 
========================================================================
Received Import Request.
  Time since last request: 0.000470 seconds.
  path: Assets/Sprites/Banner Purple 3.png
  artifactKey: Guid(a0f3dcd2cbb14a14fa1b7c4503ea7323) Importer(815301076,1909f56bfc062723c751e8b465ee728b)
Start importing Assets/Sprites/Banner Purple 3.png using Guid(a0f3dcd2cbb14a14fa1b7c4503ea7323) Importer(815301076,1909f56bfc062723c751e8b465ee728b)  -> (artifact id: '861d947fb1741f10c942a1ca0894f6a6') in 0.031691 seconds 
========================================================================
Received Import Request.
  Time since last request: 0.000402 seconds.
  path: Assets/Sprites/Chandelier 2.png
  artifactKey: Guid(449bfbfd9c6673d42a905dfd48aec59c) Importer(815301076,1909f56bfc062723c751e8b465ee728b)
Start importing Assets/Sprites/Chandelier 2.png using Guid(449bfbfd9c6673d42a905dfd48aec59c) Importer(815301076,1909f56bfc062723c751e8b465ee728b)  -> (artifact id: 'd78e73cce1e0118be7d3db0fbb3c003f') in 0.028122 seconds 
========================================================================
Received Import Request.
  Time since last request: 0.000415 seconds.
  path: Assets/Sprites/Black Grey Bricks ReOrganized.png
  artifactKey: Guid(b24c8d1834fad6e4a93b926168f8ee7b) Importer(815301076,1909f56bfc062723c751e8b465ee728b)
Start importing Assets/Sprites/Black Grey Bricks ReOrganized.png using Guid(b24c8d1834fad6e4a93b926168f8ee7b) Importer(815301076,1909f56bfc062723c751e8b465ee728b)  -> (artifact id: '8441233377a9c03ad6b720c58a7ff24b') in 0.028424 seconds 
========================================================================
Received Import Request.
  Time since last request: 0.000443 seconds.
  path: Assets/Sprites/Banner Red 1.png
  artifactKey: Guid(dc4a57e8d2976cc48ae1e8990f1bfa03) Importer(815301076,1909f56bfc062723c751e8b465ee728b)
Start importing Assets/Sprites/Banner Red 1.png using Guid(dc4a57e8d2976cc48ae1e8990f1bfa03) Importer(815301076,1909f56bfc062723c751e8b465ee728b)  -> (artifact id: '87de88e67e8deeb1408d836f902db8ab') in 0.029867 seconds 
========================================================================
Received Import Request.
  Time since last request: 0.000437 seconds.
  path: Assets/Sprites/Banner Purple 2.png
  artifactKey: Guid(e1d6d5cf9f063f14983bc2d0908fb682) Importer(815301076,1909f56bfc062723c751e8b465ee728b)
Start importing Assets/Sprites/Banner Purple 2.png using Guid(e1d6d5cf9f063f14983bc2d0908fb682) Importer(815301076,1909f56bfc062723c751e8b465ee728b)  -> (artifact id: '11c3290ef94136e02744b53f692b4767') in 0.032380 seconds 
========================================================================
Received Import Request.
  Time since last request: 0.000634 seconds.
  path: Assets/Sprites/Chest Broken 1.png
  artifactKey: Guid(f9638b65e431d154cbc2c28e9e404d77) Importer(815301076,1909f56bfc062723c751e8b465ee728b)
Start importing Assets/Sprites/Chest Broken 1.png using Guid(f9638b65e431d154cbc2c28e9e404d77) Importer(815301076,1909f56bfc062723c751e8b465ee728b)  -> (artifact id: 'fd4c6430eccd1e1e8437c3cded0280f9') in 0.030654 seconds 
========================================================================
Received Import Request.
  Time since last request: 0.000487 seconds.
  path: Assets/Sprites/Banner Blue 1.png
  artifactKey: Guid(44cbbbd64c171d543b0036edc36f4906) Importer(815301076,1909f56bfc062723c751e8b465ee728b)
Start importing Assets/Sprites/Banner Blue 1.png using Guid(44cbbbd64c171d543b0036edc36f4906) Importer(815301076,1909f56bfc062723c751e8b465ee728b)  -> (artifact id: '580662c095720c2567c2be6089fb5936') in 0.030749 seconds 
========================================================================
Received Import Request.
  Time since last request: 0.000414 seconds.
  path: Assets/Sprites/Banner Red 3.png
  artifactKey: Guid(7928fec8ff1f8394b82aa1f13f19e8d0) Importer(815301076,1909f56bfc062723c751e8b465ee728b)
Start importing Assets/Sprites/Banner Red 3.png using Guid(7928fec8ff1f8394b82aa1f13f19e8d0) Importer(815301076,1909f56bfc062723c751e8b465ee728b)  -> (artifact id: '5dc0c40362348f8cb267605113a3ddfc') in 0.027777 seconds 
========================================================================
Received Import Request.
  Time since last request: 0.000407 seconds.
  path: Assets/Sprites/Banner Blue 3.png
  artifactKey: Guid(2a209b49e884834478ca37a61df2ef57) Importer(815301076,1909f56bfc062723c751e8b465ee728b)
Start importing Assets/Sprites/Banner Blue 3.png using Guid(2a209b49e884834478ca37a61df2ef57) Importer(815301076,1909f56bfc062723c751e8b465ee728b)  -> (artifact id: '2f1d658c510943b3dde4c826b356cab5') in 0.032663 seconds 
========================================================================
Received Import Request.
  Time since last request: 0.000429 seconds.
  path: Assets/Sprites/Chest Gold 4.png
  artifactKey: Guid(abbc978cb37b6af499d6d5f94d408c1d) Importer(815301076,1909f56bfc062723c751e8b465ee728b)
Start importing Assets/Sprites/Chest Gold 4.png using Guid(abbc978cb37b6af499d6d5f94d408c1d) Importer(815301076,1909f56bfc062723c751e8b465ee728b)  -> (artifact id: 'ebb14f716143e8056e7de9f3a9027920') in 0.030701 seconds 
========================================================================
Received Import Request.
  Time since last request: 0.000347 seconds.
  path: Assets/Sprites/Chest Gold 3.png
  artifactKey: Guid(852913eee2bcd48468cfb69354fa90c6) Importer(815301076,1909f56bfc062723c751e8b465ee728b)
Start importing Assets/Sprites/Chest Gold 3.png using Guid(852913eee2bcd48468cfb69354fa90c6) Importer(815301076,1909f56bfc062723c751e8b465ee728b)  -> (artifact id: 'f0207d0336bdd4a3db4414950a0bc191') in 0.034696 seconds 
========================================================================
Received Import Request.
  Time since last request: 0.000398 seconds.
  path: Assets/Sprites/Banner Blue 2.png
  artifactKey: Guid(429158c6d7eaaa244969fffcc4d031c6) Importer(815301076,1909f56bfc062723c751e8b465ee728b)
Start importing Assets/Sprites/Banner Blue 2.png using Guid(429158c6d7eaaa244969fffcc4d031c6) Importer(815301076,1909f56bfc062723c751e8b465ee728b)  -> (artifact id: '1c0ab77a5b74659ea748056e83de0238') in 0.033821 seconds 
========================================================================
Received Import Request.
  Time since last request: 0.000443 seconds.
  path: Assets/Sprites/Banner Red 2.png
  artifactKey: Guid(9ea1bdc44bbd5e244a0702fb4e596311) Importer(815301076,1909f56bfc062723c751e8b465ee728b)
Start importing Assets/Sprites/Banner Red 2.png using Guid(9ea1bdc44bbd5e244a0702fb4e596311) Importer(815301076,1909f56bfc062723c751e8b465ee728b)  -> (artifact id: '0d673bb949a3e83d375aeb2ab6e0853c') in 0.030982 seconds 
========================================================================
Received Import Request.
  Time since last request: 0.000348 seconds.
  path: Assets/Sprites/Chest Gold 2.png
  artifactKey: Guid(20dd8423d71b0fa47a9d3ccb50b1f1a9) Importer(815301076,1909f56bfc062723c751e8b465ee728b)
Start importing Assets/Sprites/Chest Gold 2.png using Guid(20dd8423d71b0fa47a9d3ccb50b1f1a9) Importer(815301076,1909f56bfc062723c751e8b465ee728b)  -> (artifact id: '9e50c3357dc3893a06682967de702a71') in 0.029992 seconds 
========================================================================
Received Import Request.
  Time since last request: 0.000352 seconds.
  path: Assets/Sprites/Chandelier 1.png
  artifactKey: Guid(445b813cecf5cb64b97132272f50d26f) Importer(815301076,1909f56bfc062723c751e8b465ee728b)
Start importing Assets/Sprites/Chandelier 1.png using Guid(445b813cecf5cb64b97132272f50d26f) Importer(815301076,1909f56bfc062723c751e8b465ee728b)  -> (artifact id: '7a813857b1b44cc7bf7a0a5b349cad61') in 0.032054 seconds 
========================================================================
Received Import Request.
  Time since last request: 0.000600 seconds.
  path: Assets/Sprites/Banner Purple 1.png
  artifactKey: Guid(eaae023dad57bdb4abe2e0b5b8a57066) Importer(815301076,1909f56bfc062723c751e8b465ee728b)
Start importing Assets/Sprites/Banner Purple 1.png using Guid(eaae023dad57bdb4abe2e0b5b8a57066) Importer(815301076,1909f56bfc062723c751e8b465ee728b)  -> (artifact id: '1b7221b8bb6d3ecf15ae420061ece947') in 0.029379 seconds 
========================================================================
Received Import Request.
  Time since last request: 0.563004 seconds.
  path: Assets/Sprites/Chest Gold 5.png
  artifactKey: Guid(81235e96ba3c44b4ab91f7859bbd8bef) Importer(815301076,1909f56bfc062723c751e8b465ee728b)
Start importing Assets/Sprites/Chest Gold 5.png using Guid(81235e96ba3c44b4ab91f7859bbd8bef) Importer(815301076,1909f56bfc062723c751e8b465ee728b)  -> (artifact id: '80ded470cc86a85d4f864703eba251bf') in 0.026766 seconds 
========================================================================
Received Import Request.
  Time since last request: 0.000460 seconds.
  path: Assets/Sprites/Chest Gold 6.png
  artifactKey: Guid(b3b8bce960780b34eb8df0d1b85f0c19) Importer(815301076,1909f56bfc062723c751e8b465ee728b)
Start importing Assets/Sprites/Chest Gold 6.png using Guid(b3b8bce960780b34eb8df0d1b85f0c19) Importer(815301076,1909f56bfc062723c751e8b465ee728b)  -> (artifact id: 'deace8ef1dd2ad377cfbc681a5a49c83') in 0.030750 seconds 
========================================================================
Received Import Request.
  Time since last request: 0.057076 seconds.
  path: Assets/Sprites/Chest Gold 7.png
  artifactKey: Guid(3429effa493273149812bee10a400af5) Importer(815301076,1909f56bfc062723c751e8b465ee728b)
Start importing Assets/Sprites/Chest Gold 7.png using Guid(3429effa493273149812bee10a400af5) Importer(815301076,1909f56bfc062723c751e8b465ee728b)  -> (artifact id: 'eee04f62e0d0e2489ac5b64b5628d8d2') in 0.030891 seconds 
========================================================================
Received Import Request.
  Time since last request: 0.000429 seconds.
  path: Assets/Sprites/Cobwebs 1.png
  artifactKey: Guid(8d6100df380e25b429d5695e675601d0) Importer(815301076,1909f56bfc062723c751e8b465ee728b)
Start importing Assets/Sprites/Cobwebs 1.png using Guid(8d6100df380e25b429d5695e675601d0) Importer(815301076,1909f56bfc062723c751e8b465ee728b)  -> (artifact id: '364a0c7f927d477d2f36f8d9f874de55') in 0.033202 seconds 
========================================================================
Received Import Request.
  Time since last request: 0.367535 seconds.
  path: Assets/Sprites/Cobwebs 2.png
  artifactKey: Guid(f28a6d5d1b7cdfc4eab4757d0081a128) Importer(815301076,1909f56bfc062723c751e8b465ee728b)
Start importing Assets/Sprites/Cobwebs 2.png using Guid(f28a6d5d1b7cdfc4eab4757d0081a128) Importer(815301076,1909f56bfc062723c751e8b465ee728b)  -> (artifact id: '6dd4cc02ba6674fe15f33583d0effa38') in 0.031187 seconds 
========================================================================
Received Import Request.
  Time since last request: 0.000519 seconds.
  path: Assets/Sprites/Cobwebs 4.png
  artifactKey: Guid(0971e26ced79e374f87e43b182291e22) Importer(815301076,1909f56bfc062723c751e8b465ee728b)
Start importing Assets/Sprites/Cobwebs 4.png using Guid(0971e26ced79e374f87e43b182291e22) Importer(815301076,1909f56bfc062723c751e8b465ee728b)  -> (artifact id: '2c1ffed19ea02ac392044e6644e54fba') in 0.032650 seconds 
========================================================================
Received Import Request.
  Time since last request: 0.000414 seconds.
  path: Assets/Sprites/Cobwebs 5.png
  artifactKey: Guid(d6c7466d650d8a74ca887c2e21011a79) Importer(815301076,1909f56bfc062723c751e8b465ee728b)
Start importing Assets/Sprites/Cobwebs 5.png using Guid(d6c7466d650d8a74ca887c2e21011a79) Importer(815301076,1909f56bfc062723c751e8b465ee728b)  -> (artifact id: 'b29bd29d0cb401126685509683f6ecbb') in 0.040391 seconds 
========================================================================
Received Import Request.
  Time since last request: 0.000427 seconds.
  path: Assets/Sprites/Key 2.png
  artifactKey: Guid(ee6553ba0967ed24597811d1a8dbe012) Importer(815301076,1909f56bfc062723c751e8b465ee728b)
Start importing Assets/Sprites/Key 2.png using Guid(ee6553ba0967ed24597811d1a8dbe012) Importer(815301076,1909f56bfc062723c751e8b465ee728b)  -> (artifact id: 'b9abc9b10ca1b96b8da8d2ad707f8907') in 0.036945 seconds 
========================================================================
Received Import Request.
  Time since last request: 0.000500 seconds.
  path: Assets/Sprites/Dungeon Sprites Reorganized.png
  artifactKey: Guid(e3d0d768c71553342b9648dda9683b5f) Importer(815301076,1909f56bfc062723c751e8b465ee728b)
Start importing Assets/Sprites/Dungeon Sprites Reorganized.png using Guid(e3d0d768c71553342b9648dda9683b5f) Importer(815301076,1909f56bfc062723c751e8b465ee728b)  -> (artifact id: 'e34cb10612a370b6a6cf38fef4fce1cd') in 0.070311 seconds 
========================================================================
Received Import Request.
  Time since last request: 0.000421 seconds.
  path: Assets/Sprites/Key Gold2.png
  artifactKey: Guid(d82f794af534b864585df443448d6f64) Importer(815301076,1909f56bfc062723c751e8b465ee728b)
Start importing Assets/Sprites/Key Gold2.png using Guid(d82f794af534b864585df443448d6f64) Importer(815301076,1909f56bfc062723c751e8b465ee728b)  -> (artifact id: '9ba5d0b26edc8572c76a944f4175bccd') in 0.034965 seconds 
========================================================================
Received Import Request.
  Time since last request: 0.000333 seconds.
  path: Assets/Sprites/Lamp 1.png
  artifactKey: Guid(0e9e5e7c28fea2040877105372071e56) Importer(815301076,1909f56bfc062723c751e8b465ee728b)
Start importing Assets/Sprites/Lamp 1.png using Guid(0e9e5e7c28fea2040877105372071e56) Importer(815301076,1909f56bfc062723c751e8b465ee728b)  -> (artifact id: '815e2e75cbcfcba0c189bc23a982b6bc') in 0.029962 seconds 
========================================================================
Received Import Request.
  Time since last request: 0.000552 seconds.
  path: Assets/Sprites/Key Black.png
  artifactKey: Guid(22784430db7538f4084c9ac7fa941733) Importer(815301076,1909f56bfc062723c751e8b465ee728b)
Start importing Assets/Sprites/Key Black.png using Guid(22784430db7538f4084c9ac7fa941733) Importer(815301076,1909f56bfc062723c751e8b465ee728b)  -> (artifact id: '8de7856d1e8a705a11d8f898e37dc6a5') in 0.032593 seconds 
========================================================================
Received Import Request.
  Time since last request: 0.000353 seconds.
  path: Assets/Sprites/Key Black2.png
  artifactKey: Guid(3b072f79e1ae8e1499c0d73dace785cf) Importer(815301076,1909f56bfc062723c751e8b465ee728b)
Start importing Assets/Sprites/Key Black2.png using Guid(3b072f79e1ae8e1499c0d73dace785cf) Importer(815301076,1909f56bfc062723c751e8b465ee728b)  -> (artifact id: 'f62baf2e59fa64f54e22ef29daae2d4f') in 0.027971 seconds 
========================================================================
Received Import Request.
  Time since last request: 0.000744 seconds.
  path: Assets/Sprites/Green Blue Bricks.png
  artifactKey: Guid(3056a23fe0a89a2419d5c10dd396e748) Importer(815301076,1909f56bfc062723c751e8b465ee728b)
Start importing Assets/Sprites/Green Blue Bricks.png using Guid(3056a23fe0a89a2419d5c10dd396e748) Importer(815301076,1909f56bfc062723c751e8b465ee728b)  -> (artifact id: 'fe3a4143a5f7f53bad07938e2b3353e5') in 0.032385 seconds 
========================================================================
Received Import Request.
  Time since last request: 0.000309 seconds.
  path: Assets/Sprites/Key Gold.png
  artifactKey: Guid(372754d5cd72f1c4a9abfc5ecfac7267) Importer(815301076,1909f56bfc062723c751e8b465ee728b)
Start importing Assets/Sprites/Key Gold.png using Guid(372754d5cd72f1c4a9abfc5ecfac7267) Importer(815301076,1909f56bfc062723c751e8b465ee728b)  -> (artifact id: '76f46d00ce497ead1860d6ed2b3bf4d2') in 0.028918 seconds 
========================================================================
Received Import Request.
  Time since last request: 0.000332 seconds.
  path: Assets/Sprites/Cobwebs 6.png
  artifactKey: Guid(96df74763fcb11446b4e91022088b066) Importer(815301076,1909f56bfc062723c751e8b465ee728b)
Start importing Assets/Sprites/Cobwebs 6.png using Guid(96df74763fcb11446b4e91022088b066) Importer(815301076,1909f56bfc062723c751e8b465ee728b)  -> (artifact id: '44ccd14db5d135afec2f5fb22c866011') in 0.032210 seconds 
========================================================================
Received Import Request.
  Time since last request: 0.000349 seconds.
  path: Assets/Sprites/Cobwebs 3.png
  artifactKey: Guid(c683474ac493f164997c1d105325c6f5) Importer(815301076,1909f56bfc062723c751e8b465ee728b)
Start importing Assets/Sprites/Cobwebs 3.png using Guid(c683474ac493f164997c1d105325c6f5) Importer(815301076,1909f56bfc062723c751e8b465ee728b)  -> (artifact id: 'f0fccc2330ca9b53956abf5558a7acac') in 0.031387 seconds 
========================================================================
Received Import Request.
  Time since last request: 0.000380 seconds.
  path: Assets/Sprites/Key Black3.png
  artifactKey: Guid(aeaae687f2f85c94fb5767958c2b5930) Importer(815301076,1909f56bfc062723c751e8b465ee728b)
Start importing Assets/Sprites/Key Black3.png using Guid(aeaae687f2f85c94fb5767958c2b5930) Importer(815301076,1909f56bfc062723c751e8b465ee728b)  -> (artifact id: 'cb52ac8de56a98a195011aac640fdd1d') in 0.029923 seconds 
========================================================================
Received Import Request.
  Time since last request: 0.000464 seconds.
  path: Assets/Sprites/Key 3.png
  artifactKey: Guid(ca6ee44d0b083c64080168fdb1d79c67) Importer(815301076,1909f56bfc062723c751e8b465ee728b)
Start importing Assets/Sprites/Key 3.png using Guid(ca6ee44d0b083c64080168fdb1d79c67) Importer(815301076,1909f56bfc062723c751e8b465ee728b)  -> (artifact id: '45728293c466de4dbedb52af8fc1898c') in 0.028549 seconds 
========================================================================
Received Import Request.
  Time since last request: 0.000368 seconds.
  path: Assets/Sprites/Key Gold3.png
  artifactKey: Guid(4f748f5ca8554f54aafb52e7600b4530) Importer(815301076,1909f56bfc062723c751e8b465ee728b)
Start importing Assets/Sprites/Key Gold3.png using Guid(4f748f5ca8554f54aafb52e7600b4530) Importer(815301076,1909f56bfc062723c751e8b465ee728b)  -> (artifact id: '85c26bff84a86b501abcb3f8c884463b') in 0.026392 seconds 
========================================================================
Received Import Request.
  Time since last request: 0.027524 seconds.
  path: Assets/Sprites/Lamp 2.png
  artifactKey: Guid(c58f65df84c7c8a45963b167b23968bc) Importer(815301076,1909f56bfc062723c751e8b465ee728b)
Start importing Assets/Sprites/Lamp 2.png using Guid(c58f65df84c7c8a45963b167b23968bc) Importer(815301076,1909f56bfc062723c751e8b465ee728b)  -> (artifact id: '02181bc50a7792d97f7c62a57c2c5349') in 0.028961 seconds 
========================================================================
Received Import Request.
  Time since last request: 0.000562 seconds.
  path: Assets/Sprites/Light 1.png
  artifactKey: Guid(d32aa9869a8d97c47876939a2395436c) Importer(815301076,1909f56bfc062723c751e8b465ee728b)
Start importing Assets/Sprites/Light 1.png using Guid(d32aa9869a8d97c47876939a2395436c) Importer(815301076,1909f56bfc062723c751e8b465ee728b)  -> (artifact id: '2943b6508cd31953385fc3d8250c522a') in 0.029094 seconds 
========================================================================
Received Import Request.
  Time since last request: 0.000497 seconds.
  path: Assets/Sprites/Skull 2.png
  artifactKey: Guid(26b02b319c6fdba449b892266a25e8c3) Importer(815301076,1909f56bfc062723c751e8b465ee728b)
Start importing Assets/Sprites/Skull 2.png using Guid(26b02b319c6fdba449b892266a25e8c3) Importer(815301076,1909f56bfc062723c751e8b465ee728b)  -> (artifact id: 'c09d56933340f87d54d49cbb3fe8ea3e') in 0.030360 seconds 
========================================================================
Received Import Request.
  Time since last request: 0.000364 seconds.
  path: Assets/Sprites/Potion - Black 2.png
  artifactKey: Guid(ac4853b7c26d25140a47ba1df253b8de) Importer(815301076,1909f56bfc062723c751e8b465ee728b)
Start importing Assets/Sprites/Potion - Black 2.png using Guid(ac4853b7c26d25140a47ba1df253b8de) Importer(815301076,1909f56bfc062723c751e8b465ee728b)  -> (artifact id: '2fac8995a5622e30b8adf93b66761a39') in 0.032344 seconds 
========================================================================
Received Import Request.
  Time since last request: 0.000574 seconds.
  path: Assets/Sprites/PreviewImage.PNG
  artifactKey: Guid(a92f201895d6811429a9c1a45d853ff5) Importer(815301076,1909f56bfc062723c751e8b465ee728b)
Start importing Assets/Sprites/PreviewImage.PNG using Guid(a92f201895d6811429a9c1a45d853ff5) Importer(815301076,1909f56bfc062723c751e8b465ee728b)  -> (artifact id: '9715f38535b302a0bda5fa34a1fd31e2') in 0.043515 seconds 
========================================================================
Received Import Request.
  Time since last request: 0.000415 seconds.
  path: Assets/Sprites/Spike 2.png
  artifactKey: Guid(e1500368e888acf439f4c513825866f5) Importer(815301076,1909f56bfc062723c751e8b465ee728b)
Start importing Assets/Sprites/Spike 2.png using Guid(e1500368e888acf439f4c513825866f5) Importer(815301076,1909f56bfc062723c751e8b465ee728b)  -> (artifact id: '4eb4cb9db51bb061206448c265d080a7') in 0.029868 seconds 
========================================================================
Received Import Request.
  Time since last request: 0.000373 seconds.
  path: Assets/Sprites/Spike 4.png
  artifactKey: Guid(e9191d7acf451c94fb1c1f359dca9600) Importer(815301076,1909f56bfc062723c751e8b465ee728b)
Start importing Assets/Sprites/Spike 4.png using Guid(e9191d7acf451c94fb1c1f359dca9600) Importer(815301076,1909f56bfc062723c751e8b465ee728b)  -> (artifact id: 'b3782c2d9ffc9b752f1383bfbe397bf1') in 0.029640 seconds 
========================================================================
Received Import Request.
  Time since last request: 0.000491 seconds.
  path: Assets/Sprites/Spike 6.png
  artifactKey: Guid(eb1161959e7adf246a55eee04aeaf622) Importer(815301076,1909f56bfc062723c751e8b465ee728b)
Start importing Assets/Sprites/Spike 6.png using Guid(eb1161959e7adf246a55eee04aeaf622) Importer(815301076,1909f56bfc062723c751e8b465ee728b)  -> (artifact id: '079dcd6225bae1d2090f792bb7834e05') in 0.027583 seconds 
========================================================================
Received Import Request.
  Time since last request: 0.000372 seconds.
  path: Assets/Sprites/sprites.png
  artifactKey: Guid(531521b46d92bd64d8e606eb9228b371) Importer(815301076,1909f56bfc062723c751e8b465ee728b)
Start importing Assets/Sprites/sprites.png using Guid(531521b46d92bd64d8e606eb9228b371) Importer(815301076,1909f56bfc062723c751e8b465ee728b)  -> (artifact id: '3a01bac6e7fb8470309d00d4b5c2744c') in 0.036523 seconds 
========================================================================
Received Import Request.
  Time since last request: 0.000310 seconds.
  path: Assets/Sprites/Spike 5.png
  artifactKey: Guid(ba652b7e2dc55a34bbda624f54028fd0) Importer(815301076,1909f56bfc062723c751e8b465ee728b)
Start importing Assets/Sprites/Spike 5.png using Guid(ba652b7e2dc55a34bbda624f54028fd0) Importer(815301076,1909f56bfc062723c751e8b465ee728b)  -> (artifact id: '6d91b7fa8d54f284a0f0c7551b857530') in 0.029902 seconds 
========================================================================
Received Import Request.
  Time since last request: 0.000356 seconds.
  path: Assets/Sprites/Spike 3.png
  artifactKey: Guid(5cd9c1cafc4a8184caf5856f2719db86) Importer(815301076,1909f56bfc062723c751e8b465ee728b)
Start importing Assets/Sprites/Spike 3.png using Guid(5cd9c1cafc4a8184caf5856f2719db86) Importer(815301076,1909f56bfc062723c751e8b465ee728b)  -> (artifact id: 'f1023b59124ce4e689aa32ffd467c037') in 0.032443 seconds 
========================================================================
Received Import Request.
  Time since last request: 0.000531 seconds.
  path: Assets/Sprites/Skull 3.png
  artifactKey: Guid(483b9c2aa8adfe145ac85697c79e1679) Importer(815301076,1909f56bfc062723c751e8b465ee728b)
Start importing Assets/Sprites/Skull 3.png using Guid(483b9c2aa8adfe145ac85697c79e1679) Importer(815301076,1909f56bfc062723c751e8b465ee728b)  -> (artifact id: 'e5941e040f8e255777598ff84f4881a8') in 0.028539 seconds 
========================================================================
Received Import Request.
  Time since last request: 0.000385 seconds.
  path: Assets/Sprites/Light 2.png
  artifactKey: Guid(d38001b7204dc724facf6f0ecf34f5cf) Importer(815301076,1909f56bfc062723c751e8b465ee728b)
Start importing Assets/Sprites/Light 2.png using Guid(d38001b7204dc724facf6f0ecf34f5cf) Importer(815301076,1909f56bfc062723c751e8b465ee728b)  -> (artifact id: 'bbda113177bedae11a4cb6cb358a2339') in 0.028722 seconds 
========================================================================
Received Import Request.
  Time since last request: 0.000423 seconds.
  path: Assets/Sprites/Spike 1.png
  artifactKey: Guid(c945d87f3fa8f74408c2b30254550551) Importer(815301076,1909f56bfc062723c751e8b465ee728b)
Start importing Assets/Sprites/Spike 1.png using Guid(c945d87f3fa8f74408c2b30254550551) Importer(815301076,1909f56bfc062723c751e8b465ee728b)  -> (artifact id: 'd9a7cac8943c96b841475db3640c69aa') in 0.031138 seconds 
========================================================================
Received Import Request.
  Time since last request: 0.000312 seconds.
  path: Assets/Sprites/ReOrganized Bricks.png
  artifactKey: Guid(81fff6c6adf38f2458d6b4d3883a66da) Importer(815301076,1909f56bfc062723c751e8b465ee728b)
Start importing Assets/Sprites/ReOrganized Bricks.png using Guid(81fff6c6adf38f2458d6b4d3883a66da) Importer(815301076,1909f56bfc062723c751e8b465ee728b)  -> (artifact id: '0c169c73eaad3b3f8a658a9fe26850d6') in 0.031427 seconds 
========================================================================
Received Import Request.
  Time since last request: 0.000286 seconds.
  path: Assets/Sprites/Light 4.png
  artifactKey: Guid(3aae932d290349e48a56b736395368bb) Importer(815301076,1909f56bfc062723c751e8b465ee728b)
Start importing Assets/Sprites/Light 4.png using Guid(3aae932d290349e48a56b736395368bb) Importer(815301076,1909f56bfc062723c751e8b465ee728b)  -> (artifact id: '0bde7ab64386852f9100effe0b66a725') in 0.032281 seconds 
========================================================================
Received Import Request.
  Time since last request: 0.000315 seconds.
  path: Assets/Sprites/Potion - Black 1.png
  artifactKey: Guid(cb74413e78f35664db47ebf4ed817b17) Importer(815301076,1909f56bfc062723c751e8b465ee728b)
Start importing Assets/Sprites/Potion - Black 1.png using Guid(cb74413e78f35664db47ebf4ed817b17) Importer(815301076,1909f56bfc062723c751e8b465ee728b)  -> (artifact id: 'aadeb99fa90ab8d47dbc987004d2ce38') in 0.033773 seconds 
========================================================================
Received Import Request.
  Time since last request: 0.000306 seconds.
  path: Assets/Sprites/Skull 4.png
  artifactKey: Guid(a47d5400abda56048b4b094c12909a3f) Importer(815301076,1909f56bfc062723c751e8b465ee728b)
Start importing Assets/Sprites/Skull 4.png using Guid(a47d5400abda56048b4b094c12909a3f) Importer(815301076,1909f56bfc062723c751e8b465ee728b)  -> (artifact id: 'f2455ec83edecf305ba58a41e07e5bcd') in 0.032007 seconds 
========================================================================
Received Import Request.
  Time since last request: 0.000303 seconds.
  path: Assets/Sprites/Light 3.png
  artifactKey: Guid(34b19f5b573bd0843ad286288c742db0) Importer(815301076,1909f56bfc062723c751e8b465ee728b)
Start importing Assets/Sprites/Light 3.png using Guid(34b19f5b573bd0843ad286288c742db0) Importer(815301076,1909f56bfc062723c751e8b465ee728b)  -> (artifact id: 'd64475ee56c711b38bdca801b003a010') in 0.032868 seconds 
========================================================================
Received Import Request.
  Time since last request: 0.000416 seconds.
  path: Assets/Sprites/Window Day 1.png
  artifactKey: Guid(0d955df5f862e754cba8d03a67c136d5) Importer(815301076,1909f56bfc062723c751e8b465ee728b)
Start importing Assets/Sprites/Window Day 1.png using Guid(0d955df5f862e754cba8d03a67c136d5) Importer(815301076,1909f56bfc062723c751e8b465ee728b)  -> (artifact id: 'fb3522f250ae8b2ebcf16a2d9b179636') in 0.028059 seconds 
========================================================================
Received Prepare
Registering precompiled user dll's ...
Registered in 0.002297 seconds.
Begin MonoManager ReloadAssembly
Native extension for WindowsStandalone target not found
Refreshing native plugins compatible for Editor in 0.95 ms, found 3 plugins.
Preloading 0 native plugins for Editor in 0.00 ms.
Mono: successfully reloaded assembly
- Completed reload, in  1.168 seconds
Domain Reload Profiling:
	ReloadAssembly (1169ms)
		BeginReloadAssembly (135ms)
			ExecutionOrderSort (0ms)
			DisableScriptedObjects (7ms)
			BackupInstance (0ms)
			ReleaseScriptingObjects (0ms)
			CreateAndSetChildDomain (38ms)
		EndReloadAssembly (963ms)
			LoadAssemblies (113ms)
			RebuildTransferFunctionScriptingTraits (0ms)
			SetupTypeCache (340ms)
			ReleaseScriptCaches (1ms)
			RebuildScriptCaches (47ms)
			SetupLoadedEditorAssemblies (354ms)
				LogAssemblyErrors (0ms)
				InitializePlatformSupportModulesInManaged (7ms)
				SetLoadedEditorAssemblies (1ms)
				RefreshPlugins (1ms)
				BeforeProcessingInitializeOnLoad (68ms)
				ProcessInitializeOnLoadAttributes (255ms)
				ProcessInitializeOnLoadMethodAttributes (16ms)
				AfterProcessingInitializeOnLoad (6ms)
				EditorAssembliesLoaded (0ms)
			ExecutionOrderSort2 (0ms)
			AwakeInstancesAfterBackupRestoration (12ms)
Platform modules already initialized, skipping
Refreshing native plugins compatible for Editor in 0.66 ms, found 3 plugins.
Preloading 0 native plugins for Editor in 0.00 ms.
Unloading 2190 Unused Serialized files (Serialized files now loaded: 0)
System memory in use before: 99.5 MB.
System memory in use after: 99.6 MB.

Unloading 14 unused Assets to reduce memory usage. Loaded Objects now: 2677.
Total: 4.656700 ms (FindLiveObjects: 0.256500 ms CreateObjectMapping: 0.133100 ms MarkObjects: 4.229500 ms  DeleteObjects: 0.036100 ms)

AssetImportParameters requested are different than current active one (requested -> active):
  custom:framework-win-MediaFoundation: 216162199b28c13a410421893ffa2e32 -> 
  custom:video-decoder-ogg-theora: a1e56fd34408186e4bbccfd4996cb3dc -> 
  custom:container-muxer-webm: aa71ff27fc2769a1b78a27578f13a17b -> 
  custom:container-demuxer-webm: 4f35f7cbe854078d1ac9338744f61a02 -> 
  custom:container-demuxer-ogg: 62fdf1f143b41e24485cea50d1cbac27 -> 
  custom:video-encoder-webm-vp8: eb34c28f22e8b96e1ab97ce403110664 -> 
  custom:video-codec-MediaFoundation-h265: 746d11721c4dcdbdad8f713fa42b33f4 -> 
  custom:video-decoder-webm-vp8: 9c59270c3fd7afecdb556c50c9e8de78 -> 
  custom:audio-decoder-ogg-vorbis: bf7c407c2cedff20999df2af8eb42d56 -> 
  custom:audio-encoder-webm-vorbis: bf7c407c2cedff20999df2af8eb42d56 -> 
========================================================================
Received Prepare
Registering precompiled user dll's ...
Registered in 0.002321 seconds.
Begin MonoManager ReloadAssembly
Native extension for WindowsStandalone target not found
Refreshing native plugins compatible for Editor in 1.19 ms, found 3 plugins.
Preloading 0 native plugins for Editor in 0.00 ms.
Mono: successfully reloaded assembly
- Completed reload, in  1.304 seconds
Domain Reload Profiling:
	ReloadAssembly (1305ms)
		BeginReloadAssembly (141ms)
			ExecutionOrderSort (0ms)
			DisableScriptedObjects (8ms)
			BackupInstance (0ms)
			ReleaseScriptingObjects (0ms)
			CreateAndSetChildDomain (39ms)
		EndReloadAssembly (1099ms)
			LoadAssemblies (118ms)
			RebuildTransferFunctionScriptingTraits (0ms)
			SetupTypeCache (349ms)
			ReleaseScriptCaches (1ms)
			RebuildScriptCaches (66ms)
			SetupLoadedEditorAssemblies (424ms)
				LogAssemblyErrors (0ms)
				InitializePlatformSupportModulesInManaged (9ms)
				SetLoadedEditorAssemblies (1ms)
				RefreshPlugins (1ms)
				BeforeProcessingInitializeOnLoad (93ms)
				ProcessInitializeOnLoadAttributes (295ms)
				ProcessInitializeOnLoadMethodAttributes (17ms)
				AfterProcessingInitializeOnLoad (7ms)
				EditorAssembliesLoaded (0ms)
			ExecutionOrderSort2 (0ms)
			AwakeInstancesAfterBackupRestoration (13ms)
Platform modules already initialized, skipping
Refreshing native plugins compatible for Editor in 0.70 ms, found 3 plugins.
Preloading 0 native plugins for Editor in 0.00 ms.
Unloading 2190 Unused Serialized files (Serialized files now loaded: 0)
System memory in use before: 99.5 MB.
System memory in use after: 99.6 MB.

Unloading 14 unused Assets to reduce memory usage. Loaded Objects now: 2680.
Total: 5.830200 ms (FindLiveObjects: 0.365100 ms CreateObjectMapping: 0.712000 ms MarkObjects: 4.707200 ms  DeleteObjects: 0.043800 ms)

AssetImportParameters requested are different than current active one (requested -> active):
  custom:framework-win-MediaFoundation: 216162199b28c13a410421893ffa2e32 -> 
  custom:video-decoder-ogg-theora: a1e56fd34408186e4bbccfd4996cb3dc -> 
  custom:container-muxer-webm: aa71ff27fc2769a1b78a27578f13a17b -> 
  custom:container-demuxer-webm: 4f35f7cbe854078d1ac9338744f61a02 -> 
  custom:container-demuxer-ogg: 62fdf1f143b41e24485cea50d1cbac27 -> 
  custom:video-encoder-webm-vp8: eb34c28f22e8b96e1ab97ce403110664 -> 
  custom:video-codec-MediaFoundation-h265: 746d11721c4dcdbdad8f713fa42b33f4 -> 
  custom:video-decoder-webm-vp8: 9c59270c3fd7afecdb556c50c9e8de78 -> 
  custom:audio-decoder-ogg-vorbis: bf7c407c2cedff20999df2af8eb42d56 -> 
  custom:audio-encoder-webm-vorbis: bf7c407c2cedff20999df2af8eb42d56 -> 
========================================================================
Received Prepare
Registering precompiled user dll's ...
Registered in 0.002341 seconds.
Begin MonoManager ReloadAssembly
Native extension for WindowsStandalone target not found
Refreshing native plugins compatible for Editor in 0.50 ms, found 3 plugins.
Preloading 0 native plugins for Editor in 0.00 ms.
Mono: successfully reloaded assembly
- Completed reload, in  1.155 seconds
Domain Reload Profiling:
	ReloadAssembly (1156ms)
		BeginReloadAssembly (145ms)
			ExecutionOrderSort (0ms)
			DisableScriptedObjects (7ms)
			BackupInstance (0ms)
			ReleaseScriptingObjects (0ms)
			CreateAndSetChildDomain (40ms)
		EndReloadAssembly (940ms)
			LoadAssemblies (132ms)
			RebuildTransferFunctionScriptingTraits (0ms)
			SetupTypeCache (334ms)
			ReleaseScriptCaches (1ms)
			RebuildScriptCaches (59ms)
			SetupLoadedEditorAssemblies (321ms)
				LogAssemblyErrors (0ms)
				InitializePlatformSupportModulesInManaged (5ms)
				SetLoadedEditorAssemblies (1ms)
				RefreshPlugins (1ms)
				BeforeProcessingInitializeOnLoad (61ms)
				ProcessInitializeOnLoadAttributes (234ms)
				ProcessInitializeOnLoadMethodAttributes (14ms)
				AfterProcessingInitializeOnLoad (5ms)
				EditorAssembliesLoaded (0ms)
			ExecutionOrderSort2 (0ms)
			AwakeInstancesAfterBackupRestoration (12ms)
Platform modules already initialized, skipping
Refreshing native plugins compatible for Editor in 0.64 ms, found 3 plugins.
Preloading 0 native plugins for Editor in 0.00 ms.
Unloading 2190 Unused Serialized files (Serialized files now loaded: 0)
System memory in use before: 99.5 MB.
System memory in use after: 99.6 MB.

Unloading 14 unused Assets to reduce memory usage. Loaded Objects now: 2683.
Total: 4.779600 ms (FindLiveObjects: 0.235800 ms CreateObjectMapping: 0.103800 ms MarkObjects: 4.331200 ms  DeleteObjects: 0.107400 ms)

AssetImportParameters requested are different than current active one (requested -> active):
  custom:framework-win-MediaFoundation: 216162199b28c13a410421893ffa2e32 -> 
  custom:video-decoder-ogg-theora: a1e56fd34408186e4bbccfd4996cb3dc -> 
  custom:container-muxer-webm: aa71ff27fc2769a1b78a27578f13a17b -> 
  custom:container-demuxer-webm: 4f35f7cbe854078d1ac9338744f61a02 -> 
  custom:container-demuxer-ogg: 62fdf1f143b41e24485cea50d1cbac27 -> 
  custom:video-encoder-webm-vp8: eb34c28f22e8b96e1ab97ce403110664 -> 
  custom:video-codec-MediaFoundation-h265: 746d11721c4dcdbdad8f713fa42b33f4 -> 
  custom:video-decoder-webm-vp8: 9c59270c3fd7afecdb556c50c9e8de78 -> 
  custom:audio-decoder-ogg-vorbis: bf7c407c2cedff20999df2af8eb42d56 -> 
  custom:audio-encoder-webm-vorbis: bf7c407c2cedff20999df2af8eb42d56 -> 
========================================================================
Received Import Request.
  Time since last request: 933.100805 seconds.
  path: Assets/Scenes
  artifactKey: Guid(131a6b21c8605f84396be9f6751fb6e3) Importer(815301076,1909f56bfc062723c751e8b465ee728b)
Start importing Assets/Scenes using Guid(131a6b21c8605f84396be9f6751fb6e3) Importer(815301076,1909f56bfc062723c751e8b465ee728b)  -> (artifact id: 'df75b7d1a31c5b4f73fd45661b403b04') in 0.023990 seconds 
========================================================================
Received Import Request.
  Time since last request: 24.380947 seconds.
  path: Assets/Sprites/All Bricks.png
  artifactKey: Guid(b7c9e1fe4b51b1146be2845107315eb6) Importer(815301076,1909f56bfc062723c751e8b465ee728b)
Start importing Assets/Sprites/All Bricks.png using Guid(b7c9e1fe4b51b1146be2845107315eb6) Importer(815301076,1909f56bfc062723c751e8b465ee728b)  -> (artifact id: 'b49b4d6e4d4941ef676459c1d6a451b0') in 0.047550 seconds 
========================================================================
Received Import Request.
  Time since last request: 50.047152 seconds.
  path: Assets/Sprites/All Bricks.png
  artifactKey: Guid(b7c9e1fe4b51b1146be2845107315eb6) Importer(815301076,1909f56bfc062723c751e8b465ee728b)
Start importing Assets/Sprites/All Bricks.png using Guid(b7c9e1fe4b51b1146be2845107315eb6) Importer(815301076,1909f56bfc062723c751e8b465ee728b)  -> (artifact id: '137dff71cc066a9f43dbbc95fe180777') in 0.254304 seconds 
========================================================================
Received Prepare
Registering precompiled user dll's ...
Registered in 0.003179 seconds.
Begin MonoManager ReloadAssembly
Native extension for WindowsStandalone target not found
Refreshing native plugins compatible for Editor in 0.55 ms, found 3 plugins.
Preloading 0 native plugins for Editor in 0.00 ms.
Mono: successfully reloaded assembly
- Completed reload, in  1.171 seconds
Domain Reload Profiling:
	ReloadAssembly (1172ms)
		BeginReloadAssembly (147ms)
			ExecutionOrderSort (0ms)
			DisableScriptedObjects (11ms)
			BackupInstance (0ms)
			ReleaseScriptingObjects (0ms)
			CreateAndSetChildDomain (40ms)
		EndReloadAssembly (958ms)
			LoadAssemblies (117ms)
			RebuildTransferFunctionScriptingTraits (0ms)
			SetupTypeCache (354ms)
			ReleaseScriptCaches (1ms)
			RebuildScriptCaches (51ms)
			SetupLoadedEditorAssemblies (330ms)
				LogAssemblyErrors (0ms)
				InitializePlatformSupportModulesInManaged (6ms)
				SetLoadedEditorAssemblies (1ms)
				RefreshPlugins (1ms)
				BeforeProcessingInitializeOnLoad (87ms)
				ProcessInitializeOnLoadAttributes (218ms)
				ProcessInitializeOnLoadMethodAttributes (12ms)
				AfterProcessingInitializeOnLoad (5ms)
				EditorAssembliesLoaded (0ms)
			ExecutionOrderSort2 (0ms)
			AwakeInstancesAfterBackupRestoration (10ms)
Platform modules already initialized, skipping
Refreshing native plugins compatible for Editor in 0.56 ms, found 3 plugins.
Preloading 0 native plugins for Editor in 0.00 ms.
Unloading 2190 Unused Serialized files (Serialized files now loaded: 0)
System memory in use before: 99.5 MB.
System memory in use after: 99.6 MB.

Unloading 14 unused Assets to reduce memory usage. Loaded Objects now: 2687.
Total: 4.736700 ms (FindLiveObjects: 0.274200 ms CreateObjectMapping: 0.157000 ms MarkObjects: 4.273900 ms  DeleteObjects: 0.030300 ms)

AssetImportParameters requested are different than current active one (requested -> active):
  custom:framework-win-MediaFoundation: 216162199b28c13a410421893ffa2e32 -> 
  custom:video-decoder-ogg-theora: a1e56fd34408186e4bbccfd4996cb3dc -> 
  custom:container-muxer-webm: aa71ff27fc2769a1b78a27578f13a17b -> 
  custom:container-demuxer-webm: 4f35f7cbe854078d1ac9338744f61a02 -> 
  custom:container-demuxer-ogg: 62fdf1f143b41e24485cea50d1cbac27 -> 
  custom:video-encoder-webm-vp8: eb34c28f22e8b96e1ab97ce403110664 -> 
  custom:video-codec-MediaFoundation-h265: 746d11721c4dcdbdad8f713fa42b33f4 -> 
  custom:video-decoder-webm-vp8: 9c59270c3fd7afecdb556c50c9e8de78 -> 
  custom:audio-decoder-ogg-vorbis: bf7c407c2cedff20999df2af8eb42d56 -> 
  custom:audio-encoder-webm-vorbis: bf7c407c2cedff20999df2af8eb42d56 -> 
========================================================================
Received Prepare
Registering precompiled user dll's ...
Registered in 0.003843 seconds.
Begin MonoManager ReloadAssembly
Native extension for WindowsStandalone target not found
Refreshing native plugins compatible for Editor in 0.45 ms, found 3 plugins.
Preloading 0 native plugins for Editor in 0.00 ms.
Mono: successfully reloaded assembly
- Completed reload, in  0.966 seconds
Domain Reload Profiling:
	ReloadAssembly (966ms)
		BeginReloadAssembly (119ms)
			ExecutionOrderSort (0ms)
			DisableScriptedObjects (6ms)
			BackupInstance (0ms)
			ReleaseScriptingObjects (0ms)
			CreateAndSetChildDomain (31ms)
		EndReloadAssembly (784ms)
			LoadAssemblies (106ms)
			RebuildTransferFunctionScriptingTraits (0ms)
			SetupTypeCache (286ms)
			ReleaseScriptCaches (1ms)
			RebuildScriptCaches (42ms)
			SetupLoadedEditorAssemblies (270ms)
				LogAssemblyErrors (0ms)
				InitializePlatformSupportModulesInManaged (4ms)
				SetLoadedEditorAssemblies (0ms)
				RefreshPlugins (1ms)
				BeforeProcessingInitializeOnLoad (53ms)
				ProcessInitializeOnLoadAttributes (193ms)
				ProcessInitializeOnLoadMethodAttributes (12ms)
				AfterProcessingInitializeOnLoad (5ms)
				EditorAssembliesLoaded (0ms)
			ExecutionOrderSort2 (0ms)
			AwakeInstancesAfterBackupRestoration (10ms)
Platform modules already initialized, skipping
Refreshing native plugins compatible for Editor in 0.46 ms, found 3 plugins.
Preloading 0 native plugins for Editor in 0.00 ms.
Unloading 2190 Unused Serialized files (Serialized files now loaded: 0)
System memory in use before: 99.5 MB.
System memory in use after: 99.7 MB.

Unloading 14 unused Assets to reduce memory usage. Loaded Objects now: 2690.
Total: 3.267300 ms (FindLiveObjects: 0.187600 ms CreateObjectMapping: 0.082000 ms MarkObjects: 2.971700 ms  DeleteObjects: 0.024700 ms)

AssetImportParameters requested are different than current active one (requested -> active):
  custom:framework-win-MediaFoundation: 216162199b28c13a410421893ffa2e32 -> 
  custom:video-decoder-ogg-theora: a1e56fd34408186e4bbccfd4996cb3dc -> 
  custom:container-muxer-webm: aa71ff27fc2769a1b78a27578f13a17b -> 
  custom:container-demuxer-webm: 4f35f7cbe854078d1ac9338744f61a02 -> 
  custom:container-demuxer-ogg: 62fdf1f143b41e24485cea50d1cbac27 -> 
  custom:video-encoder-webm-vp8: eb34c28f22e8b96e1ab97ce403110664 -> 
  custom:video-codec-MediaFoundation-h265: 746d11721c4dcdbdad8f713fa42b33f4 -> 
  custom:video-decoder-webm-vp8: 9c59270c3fd7afecdb556c50c9e8de78 -> 
  custom:audio-decoder-ogg-vorbis: bf7c407c2cedff20999df2af8eb42d56 -> 
  custom:audio-encoder-webm-vorbis: bf7c407c2cedff20999df2af8eb42d56 -> 
========================================================================
Received Prepare
Registering precompiled user dll's ...
Registered in 0.002129 seconds.
Begin MonoManager ReloadAssembly
Native extension for WindowsStandalone target not found
Refreshing native plugins compatible for Editor in 0.57 ms, found 3 plugins.
Preloading 0 native plugins for Editor in 0.00 ms.
Mono: successfully reloaded assembly
- Completed reload, in  1.031 seconds
Domain Reload Profiling:
	ReloadAssembly (1032ms)
		BeginReloadAssembly (116ms)
			ExecutionOrderSort (0ms)
			DisableScriptedObjects (6ms)
			BackupInstance (0ms)
			ReleaseScriptingObjects (0ms)
			CreateAndSetChildDomain (33ms)
		EndReloadAssembly (853ms)
			LoadAssemblies (101ms)
			RebuildTransferFunctionScriptingTraits (0ms)
			SetupTypeCache (312ms)
			ReleaseScriptCaches (1ms)
			RebuildScriptCaches (48ms)
			SetupLoadedEditorAssemblies (293ms)
				LogAssemblyErrors (0ms)
				InitializePlatformSupportModulesInManaged (5ms)
				SetLoadedEditorAssemblies (1ms)
				RefreshPlugins (1ms)
				BeforeProcessingInitializeOnLoad (61ms)
				ProcessInitializeOnLoadAttributes (207ms)
				ProcessInitializeOnLoadMethodAttributes (13ms)
				AfterProcessingInitializeOnLoad (5ms)
				EditorAssembliesLoaded (0ms)
			ExecutionOrderSort2 (0ms)
			AwakeInstancesAfterBackupRestoration (9ms)
Platform modules already initialized, skipping
Refreshing native plugins compatible for Editor in 0.52 ms, found 3 plugins.
Preloading 0 native plugins for Editor in 0.00 ms.
Unloading 2190 Unused Serialized files (Serialized files now loaded: 0)
System memory in use before: 99.5 MB.
System memory in use after: 99.7 MB.

Unloading 14 unused Assets to reduce memory usage. Loaded Objects now: 2693.
Total: 3.593900 ms (FindLiveObjects: 0.176800 ms CreateObjectMapping: 0.091600 ms MarkObjects: 3.295800 ms  DeleteObjects: 0.028600 ms)

AssetImportParameters requested are different than current active one (requested -> active):
  custom:framework-win-MediaFoundation: 216162199b28c13a410421893ffa2e32 -> 
  custom:video-decoder-ogg-theora: a1e56fd34408186e4bbccfd4996cb3dc -> 
  custom:container-muxer-webm: aa71ff27fc2769a1b78a27578f13a17b -> 
  custom:container-demuxer-webm: 4f35f7cbe854078d1ac9338744f61a02 -> 
  custom:container-demuxer-ogg: 62fdf1f143b41e24485cea50d1cbac27 -> 
  custom:video-encoder-webm-vp8: eb34c28f22e8b96e1ab97ce403110664 -> 
  custom:video-codec-MediaFoundation-h265: 746d11721c4dcdbdad8f713fa42b33f4 -> 
  custom:video-decoder-webm-vp8: 9c59270c3fd7afecdb556c50c9e8de78 -> 
  custom:audio-decoder-ogg-vorbis: bf7c407c2cedff20999df2af8eb42d56 -> 
  custom:audio-encoder-webm-vorbis: bf7c407c2cedff20999df2af8eb42d56 -> 
========================================================================
Received Prepare
Registering precompiled user dll's ...
Registered in 0.003966 seconds.
Begin MonoManager ReloadAssembly
Native extension for WindowsStandalone target not found
Refreshing native plugins compatible for Editor in 0.69 ms, found 3 plugins.
Preloading 0 native plugins for Editor in 0.00 ms.
Mono: successfully reloaded assembly
- Completed reload, in  1.011 seconds
Domain Reload Profiling:
	ReloadAssembly (1011ms)
		BeginReloadAssembly (127ms)
			ExecutionOrderSort (0ms)
			DisableScriptedObjects (7ms)
			BackupInstance (0ms)
			ReleaseScriptingObjects (0ms)
			CreateAndSetChildDomain (36ms)
		EndReloadAssembly (821ms)
			LoadAssemblies (103ms)
			RebuildTransferFunctionScriptingTraits (0ms)
			SetupTypeCache (281ms)
			ReleaseScriptCaches (1ms)
			RebuildScriptCaches (47ms)
			SetupLoadedEditorAssemblies (305ms)
				LogAssemblyErrors (0ms)
				InitializePlatformSupportModulesInManaged (4ms)
				SetLoadedEditorAssemblies (0ms)
				RefreshPlugins (1ms)
				BeforeProcessingInitializeOnLoad (56ms)
				ProcessInitializeOnLoadAttributes (226ms)
				ProcessInitializeOnLoadMethodAttributes (12ms)
				AfterProcessingInitializeOnLoad (5ms)
				EditorAssembliesLoaded (0ms)
			ExecutionOrderSort2 (0ms)
			AwakeInstancesAfterBackupRestoration (9ms)
Platform modules already initialized, skipping
Refreshing native plugins compatible for Editor in 0.46 ms, found 3 plugins.
Preloading 0 native plugins for Editor in 0.00 ms.
Unloading 2190 Unused Serialized files (Serialized files now loaded: 0)
System memory in use before: 99.5 MB.
System memory in use after: 99.7 MB.

Unloading 14 unused Assets to reduce memory usage. Loaded Objects now: 2696.
Total: 3.522000 ms (FindLiveObjects: 0.256500 ms CreateObjectMapping: 0.099900 ms MarkObjects: 3.138400 ms  DeleteObjects: 0.026100 ms)

AssetImportParameters requested are different than current active one (requested -> active):
  custom:framework-win-MediaFoundation: 216162199b28c13a410421893ffa2e32 -> 
  custom:video-decoder-ogg-theora: a1e56fd34408186e4bbccfd4996cb3dc -> 
  custom:container-muxer-webm: aa71ff27fc2769a1b78a27578f13a17b -> 
  custom:container-demuxer-webm: 4f35f7cbe854078d1ac9338744f61a02 -> 
  custom:container-demuxer-ogg: 62fdf1f143b41e24485cea50d1cbac27 -> 
  custom:video-encoder-webm-vp8: eb34c28f22e8b96e1ab97ce403110664 -> 
  custom:video-codec-MediaFoundation-h265: 746d11721c4dcdbdad8f713fa42b33f4 -> 
  custom:video-decoder-webm-vp8: 9c59270c3fd7afecdb556c50c9e8de78 -> 
  custom:audio-decoder-ogg-vorbis: bf7c407c2cedff20999df2af8eb42d56 -> 
  custom:audio-encoder-webm-vorbis: bf7c407c2cedff20999df2af8eb42d56 -> 
========================================================================
Received Prepare
Registering precompiled user dll's ...
Registered in 0.002416 seconds.
Begin MonoManager ReloadAssembly
Native extension for WindowsStandalone target not found
Refreshing native plugins compatible for Editor in 0.50 ms, found 3 plugins.
Preloading 0 native plugins for Editor in 0.00 ms.
Mono: successfully reloaded assembly
- Completed reload, in  1.072 seconds
Domain Reload Profiling:
	ReloadAssembly (1072ms)
		BeginReloadAssembly (127ms)
			ExecutionOrderSort (0ms)
			DisableScriptedObjects (7ms)
			BackupInstance (0ms)
			ReleaseScriptingObjects (0ms)
			CreateAndSetChildDomain (35ms)
		EndReloadAssembly (875ms)
			LoadAssemblies (110ms)
			RebuildTransferFunctionScriptingTraits (0ms)
			SetupTypeCache (319ms)
			ReleaseScriptCaches (1ms)
			RebuildScriptCaches (47ms)
			SetupLoadedEditorAssemblies (308ms)
				LogAssemblyErrors (0ms)
				InitializePlatformSupportModulesInManaged (5ms)
				SetLoadedEditorAssemblies (1ms)
				RefreshPlugins (1ms)
				BeforeProcessingInitializeOnLoad (66ms)
				ProcessInitializeOnLoadAttributes (218ms)
				ProcessInitializeOnLoadMethodAttributes (12ms)
				AfterProcessingInitializeOnLoad (5ms)
				EditorAssembliesLoaded (0ms)
			ExecutionOrderSort2 (0ms)
			AwakeInstancesAfterBackupRestoration (10ms)
Platform modules already initialized, skipping
Refreshing native plugins compatible for Editor in 0.52 ms, found 3 plugins.
Preloading 0 native plugins for Editor in 0.00 ms.
Unloading 2190 Unused Serialized files (Serialized files now loaded: 0)
System memory in use before: 99.6 MB.
System memory in use after: 99.7 MB.

Unloading 14 unused Assets to reduce memory usage. Loaded Objects now: 2699.
Total: 3.489400 ms (FindLiveObjects: 0.188400 ms CreateObjectMapping: 0.079100 ms MarkObjects: 3.188100 ms  DeleteObjects: 0.032300 ms)

AssetImportParameters requested are different than current active one (requested -> active):
  custom:framework-win-MediaFoundation: 216162199b28c13a410421893ffa2e32 -> 
  custom:video-decoder-ogg-theora: a1e56fd34408186e4bbccfd4996cb3dc -> 
  custom:container-muxer-webm: aa71ff27fc2769a1b78a27578f13a17b -> 
  custom:container-demuxer-webm: 4f35f7cbe854078d1ac9338744f61a02 -> 
  custom:container-demuxer-ogg: 62fdf1f143b41e24485cea50d1cbac27 -> 
  custom:video-encoder-webm-vp8: eb34c28f22e8b96e1ab97ce403110664 -> 
  custom:video-codec-MediaFoundation-h265: 746d11721c4dcdbdad8f713fa42b33f4 -> 
  custom:video-decoder-webm-vp8: 9c59270c3fd7afecdb556c50c9e8de78 -> 
  custom:audio-decoder-ogg-vorbis: bf7c407c2cedff20999df2af8eb42d56 -> 
  custom:audio-encoder-webm-vorbis: bf7c407c2cedff20999df2af8eb42d56 -> 
========================================================================
Received Prepare
Registering precompiled user dll's ...
Registered in 0.002350 seconds.
Begin MonoManager ReloadAssembly
Native extension for WindowsStandalone target not found
Refreshing native plugins compatible for Editor in 0.54 ms, found 3 plugins.
Preloading 0 native plugins for Editor in 0.00 ms.
Mono: successfully reloaded assembly
- Completed reload, in  1.103 seconds
Domain Reload Profiling:
	ReloadAssembly (1104ms)
		BeginReloadAssembly (131ms)
			ExecutionOrderSort (0ms)
			DisableScriptedObjects (7ms)
			BackupInstance (0ms)
			ReleaseScriptingObjects (0ms)
			CreateAndSetChildDomain (35ms)
		EndReloadAssembly (903ms)
			LoadAssemblies (117ms)
			RebuildTransferFunctionScriptingTraits (0ms)
			SetupTypeCache (317ms)
			ReleaseScriptCaches (1ms)
			RebuildScriptCaches (47ms)
			SetupLoadedEditorAssemblies (326ms)
				LogAssemblyErrors (0ms)
				InitializePlatformSupportModulesInManaged (4ms)
				SetLoadedEditorAssemblies (1ms)
				RefreshPlugins (1ms)
				BeforeProcessingInitializeOnLoad (68ms)
				ProcessInitializeOnLoadAttributes (233ms)
				ProcessInitializeOnLoadMethodAttributes (13ms)
				AfterProcessingInitializeOnLoad (6ms)
				EditorAssembliesLoaded (0ms)
			ExecutionOrderSort2 (0ms)
			AwakeInstancesAfterBackupRestoration (11ms)
Platform modules already initialized, skipping
Refreshing native plugins compatible for Editor in 0.54 ms, found 3 plugins.
Preloading 0 native plugins for Editor in 0.00 ms.
Unloading 2190 Unused Serialized files (Serialized files now loaded: 0)
System memory in use before: 99.6 MB.
System memory in use after: 99.7 MB.

Unloading 14 unused Assets to reduce memory usage. Loaded Objects now: 2702.
Total: 3.906000 ms (FindLiveObjects: 0.243400 ms CreateObjectMapping: 0.138200 ms MarkObjects: 3.494300 ms  DeleteObjects: 0.028700 ms)

AssetImportParameters requested are different than current active one (requested -> active):
  custom:framework-win-MediaFoundation: 216162199b28c13a410421893ffa2e32 -> 
  custom:video-decoder-ogg-theora: a1e56fd34408186e4bbccfd4996cb3dc -> 
  custom:container-muxer-webm: aa71ff27fc2769a1b78a27578f13a17b -> 
  custom:container-demuxer-webm: 4f35f7cbe854078d1ac9338744f61a02 -> 
  custom:container-demuxer-ogg: 62fdf1f143b41e24485cea50d1cbac27 -> 
  custom:video-encoder-webm-vp8: eb34c28f22e8b96e1ab97ce403110664 -> 
  custom:video-codec-MediaFoundation-h265: 746d11721c4dcdbdad8f713fa42b33f4 -> 
  custom:video-decoder-webm-vp8: 9c59270c3fd7afecdb556c50c9e8de78 -> 
  custom:audio-decoder-ogg-vorbis: bf7c407c2cedff20999df2af8eb42d56 -> 
  custom:audio-encoder-webm-vorbis: bf7c407c2cedff20999df2af8eb42d56 -> 
========================================================================
Received Prepare
Registering precompiled user dll's ...
Registered in 0.002262 seconds.
Begin MonoManager ReloadAssembly
Native extension for WindowsStandalone target not found
Refreshing native plugins compatible for Editor in 0.51 ms, found 3 plugins.
Preloading 0 native plugins for Editor in 0.00 ms.
Mono: successfully reloaded assembly
- Completed reload, in  1.086 seconds
Domain Reload Profiling:
	ReloadAssembly (1086ms)
		BeginReloadAssembly (121ms)
			ExecutionOrderSort (0ms)
			DisableScriptedObjects (6ms)
			BackupInstance (0ms)
			ReleaseScriptingObjects (0ms)
			CreateAndSetChildDomain (32ms)
		EndReloadAssembly (896ms)
			LoadAssemblies (109ms)
			RebuildTransferFunctionScriptingTraits (0ms)
			SetupTypeCache (330ms)
			ReleaseScriptCaches (1ms)
			RebuildScriptCaches (50ms)
			SetupLoadedEditorAssemblies (308ms)
				LogAssemblyErrors (0ms)
				InitializePlatformSupportModulesInManaged (5ms)
				SetLoadedEditorAssemblies (1ms)
				RefreshPlugins (1ms)
				BeforeProcessingInitializeOnLoad (69ms)
				ProcessInitializeOnLoadAttributes (214ms)
				ProcessInitializeOnLoadMethodAttributes (13ms)
				AfterProcessingInitializeOnLoad (6ms)
				EditorAssembliesLoaded (0ms)
			ExecutionOrderSort2 (0ms)
			AwakeInstancesAfterBackupRestoration (10ms)
Platform modules already initialized, skipping
Refreshing native plugins compatible for Editor in 0.50 ms, found 3 plugins.
Preloading 0 native plugins for Editor in 0.00 ms.
Unloading 2190 Unused Serialized files (Serialized files now loaded: 0)
System memory in use before: 99.6 MB.
System memory in use after: 99.7 MB.

Unloading 14 unused Assets to reduce memory usage. Loaded Objects now: 2705.
Total: 3.428600 ms (FindLiveObjects: 0.204300 ms CreateObjectMapping: 0.100700 ms MarkObjects: 3.095400 ms  DeleteObjects: 0.027100 ms)

AssetImportParameters requested are different than current active one (requested -> active):
  custom:framework-win-MediaFoundation: 216162199b28c13a410421893ffa2e32 -> 
  custom:video-decoder-ogg-theora: a1e56fd34408186e4bbccfd4996cb3dc -> 
  custom:container-muxer-webm: aa71ff27fc2769a1b78a27578f13a17b -> 
  custom:container-demuxer-webm: 4f35f7cbe854078d1ac9338744f61a02 -> 
  custom:container-demuxer-ogg: 62fdf1f143b41e24485cea50d1cbac27 -> 
  custom:video-encoder-webm-vp8: eb34c28f22e8b96e1ab97ce403110664 -> 
  custom:video-codec-MediaFoundation-h265: 746d11721c4dcdbdad8f713fa42b33f4 -> 
  custom:video-decoder-webm-vp8: 9c59270c3fd7afecdb556c50c9e8de78 -> 
  custom:audio-decoder-ogg-vorbis: bf7c407c2cedff20999df2af8eb42d56 -> 
  custom:audio-encoder-webm-vorbis: bf7c407c2cedff20999df2af8eb42d56 -> 
========================================================================
Received Prepare
Registering precompiled user dll's ...
Registered in 0.004181 seconds.
Begin MonoManager ReloadAssembly
Native extension for WindowsStandalone target not found
Refreshing native plugins compatible for Editor in 0.60 ms, found 3 plugins.
Preloading 0 native plugins for Editor in 0.00 ms.
Mono: successfully reloaded assembly
- Completed reload, in  1.104 seconds
Domain Reload Profiling:
	ReloadAssembly (1104ms)
		BeginReloadAssembly (122ms)
			ExecutionOrderSort (0ms)
			DisableScriptedObjects (6ms)
			BackupInstance (0ms)
			ReleaseScriptingObjects (0ms)
			CreateAndSetChildDomain (35ms)
		EndReloadAssembly (893ms)
			LoadAssemblies (123ms)
			RebuildTransferFunctionScriptingTraits (0ms)
			SetupTypeCache (330ms)
			ReleaseScriptCaches (1ms)
			RebuildScriptCaches (48ms)
			SetupLoadedEditorAssemblies (303ms)
				LogAssemblyErrors (0ms)
				InitializePlatformSupportModulesInManaged (5ms)
				SetLoadedEditorAssemblies (1ms)
				RefreshPlugins (1ms)
				BeforeProcessingInitializeOnLoad (61ms)
				ProcessInitializeOnLoadAttributes (219ms)
				ProcessInitializeOnLoadMethodAttributes (11ms)
				AfterProcessingInitializeOnLoad (5ms)
				EditorAssembliesLoaded (0ms)
			ExecutionOrderSort2 (0ms)
			AwakeInstancesAfterBackupRestoration (10ms)
Platform modules already initialized, skipping
Refreshing native plugins compatible for Editor in 0.46 ms, found 3 plugins.
Preloading 0 native plugins for Editor in 0.00 ms.
Unloading 2190 Unused Serialized files (Serialized files now loaded: 0)
System memory in use before: 99.6 MB.
System memory in use after: 99.7 MB.

Unloading 14 unused Assets to reduce memory usage. Loaded Objects now: 2708.
Total: 3.483000 ms (FindLiveObjects: 0.216000 ms CreateObjectMapping: 0.079100 ms MarkObjects: 3.151400 ms  DeleteObjects: 0.034900 ms)

AssetImportParameters requested are different than current active one (requested -> active):
  custom:framework-win-MediaFoundation: 216162199b28c13a410421893ffa2e32 -> 
  custom:video-decoder-ogg-theora: a1e56fd34408186e4bbccfd4996cb3dc -> 
  custom:container-muxer-webm: aa71ff27fc2769a1b78a27578f13a17b -> 
  custom:container-demuxer-webm: 4f35f7cbe854078d1ac9338744f61a02 -> 
  custom:container-demuxer-ogg: 62fdf1f143b41e24485cea50d1cbac27 -> 
  custom:video-encoder-webm-vp8: eb34c28f22e8b96e1ab97ce403110664 -> 
  custom:video-codec-MediaFoundation-h265: 746d11721c4dcdbdad8f713fa42b33f4 -> 
  custom:video-decoder-webm-vp8: 9c59270c3fd7afecdb556c50c9e8de78 -> 
  custom:audio-decoder-ogg-vorbis: bf7c407c2cedff20999df2af8eb42d56 -> 
  custom:audio-encoder-webm-vorbis: bf7c407c2cedff20999df2af8eb42d56 -> 
========================================================================
Received Prepare
Registering precompiled user dll's ...
Registered in 0.004372 seconds.
Begin MonoManager ReloadAssembly
Native extension for WindowsStandalone target not found
Refreshing native plugins compatible for Editor in 0.88 ms, found 3 plugins.
Preloading 0 native plugins for Editor in 0.00 ms.
Mono: successfully reloaded assembly
- Completed reload, in  2.262 seconds
Domain Reload Profiling:
	ReloadAssembly (2262ms)
		BeginReloadAssembly (252ms)
			ExecutionOrderSort (0ms)
			DisableScriptedObjects (7ms)
			BackupInstance (0ms)
			ReleaseScriptingObjects (0ms)
			CreateAndSetChildDomain (77ms)
		EndReloadAssembly (1869ms)
			LoadAssemblies (243ms)
			RebuildTransferFunctionScriptingTraits (0ms)
			SetupTypeCache (688ms)
			ReleaseScriptCaches (2ms)
			RebuildScriptCaches (109ms)
			SetupLoadedEditorAssemblies (644ms)
				LogAssemblyErrors (0ms)
				InitializePlatformSupportModulesInManaged (10ms)
				SetLoadedEditorAssemblies (1ms)
				RefreshPlugins (1ms)
				BeforeProcessingInitializeOnLoad (126ms)
				ProcessInitializeOnLoadAttributes (468ms)
				ProcessInitializeOnLoadMethodAttributes (26ms)
				AfterProcessingInitializeOnLoad (11ms)
				EditorAssembliesLoaded (0ms)
			ExecutionOrderSort2 (0ms)
			AwakeInstancesAfterBackupRestoration (20ms)
Platform modules already initialized, skipping
Refreshing native plugins compatible for Editor in 0.90 ms, found 3 plugins.
Preloading 0 native plugins for Editor in 0.00 ms.
Unloading 2190 Unused Serialized files (Serialized files now loaded: 0)
System memory in use before: 99.6 MB.
System memory in use after: 99.7 MB.

Unloading 14 unused Assets to reduce memory usage. Loaded Objects now: 2711.
Total: 6.456700 ms (FindLiveObjects: 0.321300 ms CreateObjectMapping: 0.204900 ms MarkObjects: 5.868500 ms  DeleteObjects: 0.059700 ms)

AssetImportParameters requested are different than current active one (requested -> active):
  custom:framework-win-MediaFoundation: 216162199b28c13a410421893ffa2e32 -> 
  custom:video-decoder-ogg-theora: a1e56fd34408186e4bbccfd4996cb3dc -> 
  custom:container-muxer-webm: aa71ff27fc2769a1b78a27578f13a17b -> 
  custom:container-demuxer-webm: 4f35f7cbe854078d1ac9338744f61a02 -> 
  custom:container-demuxer-ogg: 62fdf1f143b41e24485cea50d1cbac27 -> 
  custom:video-encoder-webm-vp8: eb34c28f22e8b96e1ab97ce403110664 -> 
  custom:video-codec-MediaFoundation-h265: 746d11721c4dcdbdad8f713fa42b33f4 -> 
  custom:video-decoder-webm-vp8: 9c59270c3fd7afecdb556c50c9e8de78 -> 
  custom:audio-decoder-ogg-vorbis: bf7c407c2cedff20999df2af8eb42d56 -> 
  custom:audio-encoder-webm-vorbis: bf7c407c2cedff20999df2af8eb42d56 -> 
========================================================================
Received Prepare
Registering precompiled user dll's ...
Registered in 0.003423 seconds.
Begin MonoManager ReloadAssembly
Native extension for WindowsStandalone target not found
Refreshing native plugins compatible for Editor in 1.97 ms, found 3 plugins.
Preloading 0 native plugins for Editor in 0.00 ms.
Mono: successfully reloaded assembly
- Completed reload, in  2.164 seconds
Domain Reload Profiling:
	ReloadAssembly (2166ms)
		BeginReloadAssembly (269ms)
			ExecutionOrderSort (0ms)
			DisableScriptedObjects (11ms)
			BackupInstance (0ms)
			ReleaseScriptingObjects (0ms)
			CreateAndSetChildDomain (75ms)
		EndReloadAssembly (1765ms)
			LoadAssemblies (243ms)
			RebuildTransferFunctionScriptingTraits (0ms)
			SetupTypeCache (630ms)
			ReleaseScriptCaches (3ms)
			RebuildScriptCaches (93ms)
			SetupLoadedEditorAssemblies (637ms)
				LogAssemblyErrors (0ms)
				InitializePlatformSupportModulesInManaged (9ms)
				SetLoadedEditorAssemblies (2ms)
				RefreshPlugins (2ms)
				BeforeProcessingInitializeOnLoad (120ms)
				ProcessInitializeOnLoadAttributes (465ms)
				ProcessInitializeOnLoadMethodAttributes (26ms)
				AfterProcessingInitializeOnLoad (12ms)
				EditorAssembliesLoaded (1ms)
			ExecutionOrderSort2 (0ms)
			AwakeInstancesAfterBackupRestoration (20ms)
Platform modules already initialized, skipping
Refreshing native plugins compatible for Editor in 1.03 ms, found 3 plugins.
Preloading 0 native plugins for Editor in 0.00 ms.
Unloading 2190 Unused Serialized files (Serialized files now loaded: 0)
System memory in use before: 99.6 MB.
System memory in use after: 99.7 MB.

Unloading 14 unused Assets to reduce memory usage. Loaded Objects now: 2714.
Total: 6.165200 ms (FindLiveObjects: 0.546200 ms CreateObjectMapping: 0.205400 ms MarkObjects: 5.361400 ms  DeleteObjects: 0.040800 ms)

AssetImportParameters requested are different than current active one (requested -> active):
  custom:framework-win-MediaFoundation: 216162199b28c13a410421893ffa2e32 -> 
  custom:video-decoder-ogg-theora: a1e56fd34408186e4bbccfd4996cb3dc -> 
  custom:container-muxer-webm: aa71ff27fc2769a1b78a27578f13a17b -> 
  custom:container-demuxer-webm: 4f35f7cbe854078d1ac9338744f61a02 -> 
  custom:container-demuxer-ogg: 62fdf1f143b41e24485cea50d1cbac27 -> 
  custom:video-encoder-webm-vp8: eb34c28f22e8b96e1ab97ce403110664 -> 
  custom:video-codec-MediaFoundation-h265: 746d11721c4dcdbdad8f713fa42b33f4 -> 
  custom:video-decoder-webm-vp8: 9c59270c3fd7afecdb556c50c9e8de78 -> 
  custom:audio-decoder-ogg-vorbis: bf7c407c2cedff20999df2af8eb42d56 -> 
  custom:audio-encoder-webm-vorbis: bf7c407c2cedff20999df2af8eb42d56 -> 
========================================================================
Received Prepare
Registering precompiled user dll's ...
Registered in 0.004069 seconds.
Begin MonoManager ReloadAssembly
Native extension for WindowsStandalone target not found
Refreshing native plugins compatible for Editor in 0.80 ms, found 3 plugins.
Preloading 0 native plugins for Editor in 0.00 ms.
Mono: successfully reloaded assembly
- Completed reload, in  1.869 seconds
Domain Reload Profiling:
	ReloadAssembly (1870ms)
		BeginReloadAssembly (272ms)
			ExecutionOrderSort (0ms)
			DisableScriptedObjects (16ms)
			BackupInstance (0ms)
			ReleaseScriptingObjects (0ms)
			CreateAndSetChildDomain (72ms)
		EndReloadAssembly (1466ms)
			LoadAssemblies (259ms)
			RebuildTransferFunctionScriptingTraits (0ms)
			SetupTypeCache (390ms)
			ReleaseScriptCaches (3ms)
			RebuildScriptCaches (92ms)
			SetupLoadedEditorAssemblies (583ms)
				LogAssemblyErrors (0ms)
				InitializePlatformSupportModulesInManaged (9ms)
				SetLoadedEditorAssemblies (1ms)
				RefreshPlugins (1ms)
				BeforeProcessingInitializeOnLoad (115ms)
				ProcessInitializeOnLoadAttributes (418ms)
				ProcessInitializeOnLoadMethodAttributes (28ms)
				AfterProcessingInitializeOnLoad (11ms)
				EditorAssembliesLoaded (0ms)
			ExecutionOrderSort2 (0ms)
			AwakeInstancesAfterBackupRestoration (17ms)
Platform modules already initialized, skipping
Refreshing native plugins compatible for Editor in 0.96 ms, found 3 plugins.
Preloading 0 native plugins for Editor in 0.00 ms.
Unloading 2190 Unused Serialized files (Serialized files now loaded: 0)
System memory in use before: 99.7 MB.
System memory in use after: 99.8 MB.

Unloading 14 unused Assets to reduce memory usage. Loaded Objects now: 2717.
Total: 6.091700 ms (FindLiveObjects: 0.271100 ms CreateObjectMapping: 0.189200 ms MarkObjects: 5.583800 ms  DeleteObjects: 0.045700 ms)

AssetImportParameters requested are different than current active one (requested -> active):
  custom:framework-win-MediaFoundation: 216162199b28c13a410421893ffa2e32 -> 
  custom:video-decoder-ogg-theora: a1e56fd34408186e4bbccfd4996cb3dc -> 
  custom:container-muxer-webm: aa71ff27fc2769a1b78a27578f13a17b -> 
  custom:container-demuxer-webm: 4f35f7cbe854078d1ac9338744f61a02 -> 
  custom:container-demuxer-ogg: 62fdf1f143b41e24485cea50d1cbac27 -> 
  custom:video-encoder-webm-vp8: eb34c28f22e8b96e1ab97ce403110664 -> 
  custom:video-codec-MediaFoundation-h265: 746d11721c4dcdbdad8f713fa42b33f4 -> 
  custom:video-decoder-webm-vp8: 9c59270c3fd7afecdb556c50c9e8de78 -> 
  custom:audio-decoder-ogg-vorbis: bf7c407c2cedff20999df2af8eb42d56 -> 
  custom:audio-encoder-webm-vorbis: bf7c407c2cedff20999df2af8eb42d56 -> 
========================================================================
Received Prepare
Registering precompiled user dll's ...
Registered in 0.002894 seconds.
Begin MonoManager ReloadAssembly
Native extension for WindowsStandalone target not found
Refreshing native plugins compatible for Editor in 0.63 ms, found 3 plugins.
Preloading 0 native plugins for Editor in 0.00 ms.
Mono: successfully reloaded assembly
- Completed reload, in  1.340 seconds
Domain Reload Profiling:
	ReloadAssembly (1341ms)
		BeginReloadAssembly (176ms)
			ExecutionOrderSort (0ms)
			DisableScriptedObjects (8ms)
			BackupInstance (0ms)
			ReleaseScriptingObjects (0ms)
			CreateAndSetChildDomain (45ms)
		EndReloadAssembly (1091ms)
			LoadAssemblies (146ms)
			RebuildTransferFunctionScriptingTraits (0ms)
			SetupTypeCache (379ms)
			ReleaseScriptCaches (1ms)
			RebuildScriptCaches (70ms)
			SetupLoadedEditorAssemblies (385ms)
				LogAssemblyErrors (0ms)
				InitializePlatformSupportModulesInManaged (5ms)
				SetLoadedEditorAssemblies (1ms)
				RefreshPlugins (1ms)
				BeforeProcessingInitializeOnLoad (70ms)
				ProcessInitializeOnLoadAttributes (286ms)
				ProcessInitializeOnLoadMethodAttributes (16ms)
				AfterProcessingInitializeOnLoad (8ms)
				EditorAssembliesLoaded (0ms)
			ExecutionOrderSort2 (0ms)
			AwakeInstancesAfterBackupRestoration (13ms)
Platform modules already initialized, skipping
Refreshing native plugins compatible for Editor in 0.74 ms, found 3 plugins.
Preloading 0 native plugins for Editor in 0.00 ms.
Unloading 2190 Unused Serialized files (Serialized files now loaded: 0)
System memory in use before: 99.7 MB.
System memory in use after: 99.9 MB.

Unloading 14 unused Assets to reduce memory usage. Loaded Objects now: 2720.
Total: 6.194100 ms (FindLiveObjects: 0.437500 ms CreateObjectMapping: 0.284200 ms MarkObjects: 5.432700 ms  DeleteObjects: 0.037800 ms)

AssetImportParameters requested are different than current active one (requested -> active):
  custom:framework-win-MediaFoundation: 216162199b28c13a410421893ffa2e32 -> 
  custom:video-decoder-ogg-theora: a1e56fd34408186e4bbccfd4996cb3dc -> 
  custom:container-muxer-webm: aa71ff27fc2769a1b78a27578f13a17b -> 
  custom:container-demuxer-webm: 4f35f7cbe854078d1ac9338744f61a02 -> 
  custom:container-demuxer-ogg: 62fdf1f143b41e24485cea50d1cbac27 -> 
  custom:video-encoder-webm-vp8: eb34c28f22e8b96e1ab97ce403110664 -> 
  custom:video-codec-MediaFoundation-h265: 746d11721c4dcdbdad8f713fa42b33f4 -> 
  custom:video-decoder-webm-vp8: 9c59270c3fd7afecdb556c50c9e8de78 -> 
  custom:audio-decoder-ogg-vorbis: bf7c407c2cedff20999df2af8eb42d56 -> 
  custom:audio-encoder-webm-vorbis: bf7c407c2cedff20999df2af8eb42d56 -> 
========================================================================
Received Prepare
Registering precompiled user dll's ...
Registered in 0.002155 seconds.
Begin MonoManager ReloadAssembly
Native extension for WindowsStandalone target not found
Refreshing native plugins compatible for Editor in 0.60 ms, found 3 plugins.
Preloading 0 native plugins for Editor in 0.00 ms.
Mono: successfully reloaded assembly
- Completed reload, in  1.049 seconds
Domain Reload Profiling:
	ReloadAssembly (1050ms)
		BeginReloadAssembly (129ms)
			ExecutionOrderSort (0ms)
			DisableScriptedObjects (6ms)
			BackupInstance (0ms)
			ReleaseScriptingObjects (0ms)
			CreateAndSetChildDomain (34ms)
		EndReloadAssembly (860ms)
			LoadAssemblies (109ms)
			RebuildTransferFunctionScriptingTraits (0ms)
			SetupTypeCache (310ms)
			ReleaseScriptCaches (1ms)
			RebuildScriptCaches (46ms)
			SetupLoadedEditorAssemblies (311ms)
				LogAssemblyErrors (0ms)
				InitializePlatformSupportModulesInManaged (7ms)
				SetLoadedEditorAssemblies (1ms)
				RefreshPlugins (1ms)
				BeforeProcessingInitializeOnLoad (76ms)
				ProcessInitializeOnLoadAttributes (209ms)
				ProcessInitializeOnLoadMethodAttributes (12ms)
				AfterProcessingInitializeOnLoad (6ms)
				EditorAssembliesLoaded (0ms)
			ExecutionOrderSort2 (0ms)
			AwakeInstancesAfterBackupRestoration (9ms)
Platform modules already initialized, skipping
Refreshing native plugins compatible for Editor in 0.71 ms, found 3 plugins.
Preloading 0 native plugins for Editor in 0.00 ms.
Unloading 2190 Unused Serialized files (Serialized files now loaded: 0)
System memory in use before: 99.7 MB.
System memory in use after: 99.9 MB.

Unloading 14 unused Assets to reduce memory usage. Loaded Objects now: 2723.
Total: 4.507000 ms (FindLiveObjects: 0.333100 ms CreateObjectMapping: 0.223600 ms MarkObjects: 3.902400 ms  DeleteObjects: 0.046000 ms)

AssetImportParameters requested are different than current active one (requested -> active):
  custom:framework-win-MediaFoundation: 216162199b28c13a410421893ffa2e32 -> 
  custom:video-decoder-ogg-theora: a1e56fd34408186e4bbccfd4996cb3dc -> 
  custom:container-muxer-webm: aa71ff27fc2769a1b78a27578f13a17b -> 
  custom:container-demuxer-webm: 4f35f7cbe854078d1ac9338744f61a02 -> 
  custom:container-demuxer-ogg: 62fdf1f143b41e24485cea50d1cbac27 -> 
  custom:video-encoder-webm-vp8: eb34c28f22e8b96e1ab97ce403110664 -> 
  custom:video-codec-MediaFoundation-h265: 746d11721c4dcdbdad8f713fa42b33f4 -> 
  custom:video-decoder-webm-vp8: 9c59270c3fd7afecdb556c50c9e8de78 -> 
  custom:audio-decoder-ogg-vorbis: bf7c407c2cedff20999df2af8eb42d56 -> 
  custom:audio-encoder-webm-vorbis: bf7c407c2cedff20999df2af8eb42d56 -> 
========================================================================
Received Prepare
Registering precompiled user dll's ...
Registered in 0.003044 seconds.
Begin MonoManager ReloadAssembly
Native extension for WindowsStandalone target not found
Refreshing native plugins compatible for Editor in 0.69 ms, found 3 plugins.
Preloading 0 native plugins for Editor in 0.00 ms.
Mono: successfully reloaded assembly
- Completed reload, in  2.320 seconds
Domain Reload Profiling:
	ReloadAssembly (2320ms)
		BeginReloadAssembly (299ms)
			ExecutionOrderSort (0ms)
			DisableScriptedObjects (7ms)
			BackupInstance (0ms)
			ReleaseScriptingObjects (0ms)
			CreateAndSetChildDomain (81ms)
		EndReloadAssembly (1870ms)
			LoadAssemblies (286ms)
			RebuildTransferFunctionScriptingTraits (0ms)
			SetupTypeCache (685ms)
			ReleaseScriptCaches (2ms)
			RebuildScriptCaches (87ms)
			SetupLoadedEditorAssemblies (697ms)
				LogAssemblyErrors (0ms)
				InitializePlatformSupportModulesInManaged (6ms)
				SetLoadedEditorAssemblies (1ms)
				RefreshPlugins (1ms)
				BeforeProcessingInitializeOnLoad (133ms)
				ProcessInitializeOnLoadAttributes (503ms)
				ProcessInitializeOnLoadMethodAttributes (42ms)
				AfterProcessingInitializeOnLoad (10ms)
				EditorAssembliesLoaded (1ms)
			ExecutionOrderSort2 (0ms)
			AwakeInstancesAfterBackupRestoration (25ms)
Platform modules already initialized, skipping
Refreshing native plugins compatible for Editor in 0.80 ms, found 3 plugins.
Preloading 0 native plugins for Editor in 0.00 ms.
Unloading 2190 Unused Serialized files (Serialized files now loaded: 0)
System memory in use before: 99.7 MB.
System memory in use after: 99.9 MB.

Unloading 14 unused Assets to reduce memory usage. Loaded Objects now: 2726.
Total: 6.925800 ms (FindLiveObjects: 0.352400 ms CreateObjectMapping: 0.245700 ms MarkObjects: 6.270400 ms  DeleteObjects: 0.054900 ms)

AssetImportParameters requested are different than current active one (requested -> active):
  custom:framework-win-MediaFoundation: 216162199b28c13a410421893ffa2e32 -> 
  custom:video-decoder-ogg-theora: a1e56fd34408186e4bbccfd4996cb3dc -> 
  custom:container-muxer-webm: aa71ff27fc2769a1b78a27578f13a17b -> 
  custom:container-demuxer-webm: 4f35f7cbe854078d1ac9338744f61a02 -> 
  custom:container-demuxer-ogg: 62fdf1f143b41e24485cea50d1cbac27 -> 
  custom:video-encoder-webm-vp8: eb34c28f22e8b96e1ab97ce403110664 -> 
  custom:video-codec-MediaFoundation-h265: 746d11721c4dcdbdad8f713fa42b33f4 -> 
  custom:video-decoder-webm-vp8: 9c59270c3fd7afecdb556c50c9e8de78 -> 
  custom:audio-decoder-ogg-vorbis: bf7c407c2cedff20999df2af8eb42d56 -> 
  custom:audio-encoder-webm-vorbis: bf7c407c2cedff20999df2af8eb42d56 -> 
========================================================================
Received Prepare
Registering precompiled user dll's ...
Registered in 0.003573 seconds.
Begin MonoManager ReloadAssembly
Native extension for WindowsStandalone target not found
Refreshing native plugins compatible for Editor in 0.63 ms, found 3 plugins.
Preloading 0 native plugins for Editor in 0.00 ms.
Mono: successfully reloaded assembly
- Completed reload, in  1.035 seconds
Domain Reload Profiling:
	ReloadAssembly (1036ms)
		BeginReloadAssembly (124ms)
			ExecutionOrderSort (0ms)
			DisableScriptedObjects (6ms)
			BackupInstance (0ms)
			ReleaseScriptingObjects (0ms)
			CreateAndSetChildDomain (34ms)
		EndReloadAssembly (852ms)
			LoadAssemblies (107ms)
			RebuildTransferFunctionScriptingTraits (0ms)
			SetupTypeCache (304ms)
			ReleaseScriptCaches (1ms)
			RebuildScriptCaches (48ms)
			SetupLoadedEditorAssemblies (306ms)
				LogAssemblyErrors (0ms)
				InitializePlatformSupportModulesInManaged (5ms)
				SetLoadedEditorAssemblies (1ms)
				RefreshPlugins (1ms)
				BeforeProcessingInitializeOnLoad (78ms)
				ProcessInitializeOnLoadAttributes (204ms)
				ProcessInitializeOnLoadMethodAttributes (12ms)
				AfterProcessingInitializeOnLoad (5ms)
				EditorAssembliesLoaded (0ms)
			ExecutionOrderSort2 (0ms)
			AwakeInstancesAfterBackupRestoration (9ms)
Platform modules already initialized, skipping
Refreshing native plugins compatible for Editor in 0.51 ms, found 3 plugins.
Preloading 0 native plugins for Editor in 0.00 ms.
Unloading 2190 Unused Serialized files (Serialized files now loaded: 0)
System memory in use before: 99.7 MB.
System memory in use after: 99.9 MB.

Unloading 14 unused Assets to reduce memory usage. Loaded Objects now: 2729.
Total: 3.922300 ms (FindLiveObjects: 0.226900 ms CreateObjectMapping: 0.109000 ms MarkObjects: 3.555400 ms  DeleteObjects: 0.029800 ms)

AssetImportParameters requested are different than current active one (requested -> active):
  custom:framework-win-MediaFoundation: 216162199b28c13a410421893ffa2e32 -> 
  custom:video-decoder-ogg-theora: a1e56fd34408186e4bbccfd4996cb3dc -> 
  custom:container-muxer-webm: aa71ff27fc2769a1b78a27578f13a17b -> 
  custom:container-demuxer-webm: 4f35f7cbe854078d1ac9338744f61a02 -> 
  custom:container-demuxer-ogg: 62fdf1f143b41e24485cea50d1cbac27 -> 
  custom:video-encoder-webm-vp8: eb34c28f22e8b96e1ab97ce403110664 -> 
  custom:video-codec-MediaFoundation-h265: 746d11721c4dcdbdad8f713fa42b33f4 -> 
  custom:video-decoder-webm-vp8: 9c59270c3fd7afecdb556c50c9e8de78 -> 
  custom:audio-decoder-ogg-vorbis: bf7c407c2cedff20999df2af8eb42d56 -> 
  custom:audio-encoder-webm-vorbis: bf7c407c2cedff20999df2af8eb42d56 -> 
========================================================================
Received Prepare
Registering precompiled user dll's ...
Registered in 0.004574 seconds.
Begin MonoManager ReloadAssembly
Native extension for WindowsStandalone target not found
Refreshing native plugins compatible for Editor in 1.32 ms, found 3 plugins.
Preloading 0 native plugins for Editor in 0.00 ms.
Mono: successfully reloaded assembly
- Completed reload, in  1.348 seconds
Domain Reload Profiling:
	ReloadAssembly (1348ms)
		BeginReloadAssembly (159ms)
			ExecutionOrderSort (0ms)
			DisableScriptedObjects (8ms)
			BackupInstance (0ms)
			ReleaseScriptingObjects (0ms)
			CreateAndSetChildDomain (44ms)
		EndReloadAssembly (1114ms)
			LoadAssemblies (143ms)
			RebuildTransferFunctionScriptingTraits (0ms)
			SetupTypeCache (441ms)
			ReleaseScriptCaches (1ms)
			RebuildScriptCaches (57ms)
			SetupLoadedEditorAssemblies (362ms)
				LogAssemblyErrors (0ms)
				InitializePlatformSupportModulesInManaged (6ms)
				SetLoadedEditorAssemblies (1ms)
				RefreshPlugins (1ms)
				BeforeProcessingInitializeOnLoad (70ms)
				ProcessInitializeOnLoadAttributes (261ms)
				ProcessInitializeOnLoadMethodAttributes (16ms)
				AfterProcessingInitializeOnLoad (6ms)
				EditorAssembliesLoaded (0ms)
			ExecutionOrderSort2 (0ms)
			AwakeInstancesAfterBackupRestoration (12ms)
Platform modules already initialized, skipping
Refreshing native plugins compatible for Editor in 0.67 ms, found 3 plugins.
Preloading 0 native plugins for Editor in 0.00 ms.
Unloading 2190 Unused Serialized files (Serialized files now loaded: 0)
System memory in use before: 99.7 MB.
System memory in use after: 99.9 MB.

Unloading 14 unused Assets to reduce memory usage. Loaded Objects now: 2732.
Total: 4.524200 ms (FindLiveObjects: 0.236700 ms CreateObjectMapping: 0.129400 ms MarkObjects: 4.126700 ms  DeleteObjects: 0.029900 ms)

AssetImportParameters requested are different than current active one (requested -> active):
  custom:framework-win-MediaFoundation: 216162199b28c13a410421893ffa2e32 -> 
  custom:video-decoder-ogg-theora: a1e56fd34408186e4bbccfd4996cb3dc -> 
  custom:container-muxer-webm: aa71ff27fc2769a1b78a27578f13a17b -> 
  custom:container-demuxer-webm: 4f35f7cbe854078d1ac9338744f61a02 -> 
  custom:container-demuxer-ogg: 62fdf1f143b41e24485cea50d1cbac27 -> 
  custom:video-encoder-webm-vp8: eb34c28f22e8b96e1ab97ce403110664 -> 
  custom:video-codec-MediaFoundation-h265: 746d11721c4dcdbdad8f713fa42b33f4 -> 
  custom:video-decoder-webm-vp8: 9c59270c3fd7afecdb556c50c9e8de78 -> 
  custom:audio-decoder-ogg-vorbis: bf7c407c2cedff20999df2af8eb42d56 -> 
  custom:audio-encoder-webm-vorbis: bf7c407c2cedff20999df2af8eb42d56 -> 
========================================================================
Received Prepare
Registering precompiled user dll's ...
Registered in 0.004858 seconds.
Begin MonoManager ReloadAssembly
Native extension for WindowsStandalone target not found
Refreshing native plugins compatible for Editor in 0.98 ms, found 3 plugins.
Preloading 0 native plugins for Editor in 0.00 ms.
Mono: successfully reloaded assembly
- Completed reload, in  2.291 seconds
Domain Reload Profiling:
	ReloadAssembly (2292ms)
		BeginReloadAssembly (263ms)
			ExecutionOrderSort (0ms)
			DisableScriptedObjects (13ms)
			BackupInstance (0ms)
			ReleaseScriptingObjects (0ms)
			CreateAndSetChildDomain (74ms)
		EndReloadAssembly (1900ms)
			LoadAssemblies (242ms)
			RebuildTransferFunctionScriptingTraits (0ms)
			SetupTypeCache (651ms)
			ReleaseScriptCaches (5ms)
			RebuildScriptCaches (125ms)
			SetupLoadedEditorAssemblies (657ms)
				LogAssemblyErrors (0ms)
				InitializePlatformSupportModulesInManaged (12ms)
				SetLoadedEditorAssemblies (2ms)
				RefreshPlugins (1ms)
				BeforeProcessingInitializeOnLoad (134ms)
				ProcessInitializeOnLoadAttributes (473ms)
				ProcessInitializeOnLoadMethodAttributes (23ms)
				AfterProcessingInitializeOnLoad (11ms)
				EditorAssembliesLoaded (0ms)
			ExecutionOrderSort2 (0ms)
			AwakeInstancesAfterBackupRestoration (20ms)
Platform modules already initialized, skipping
Refreshing native plugins compatible for Editor in 0.75 ms, found 3 plugins.
Preloading 0 native plugins for Editor in 0.00 ms.
Unloading 2190 Unused Serialized files (Serialized files now loaded: 0)
System memory in use before: 99.7 MB.
System memory in use after: 99.9 MB.

Unloading 14 unused Assets to reduce memory usage. Loaded Objects now: 2735.
Total: 6.661800 ms (FindLiveObjects: 0.504900 ms CreateObjectMapping: 0.352300 ms MarkObjects: 5.762000 ms  DeleteObjects: 0.040800 ms)

AssetImportParameters requested are different than current active one (requested -> active):
  custom:framework-win-MediaFoundation: 216162199b28c13a410421893ffa2e32 -> 
  custom:video-decoder-ogg-theora: a1e56fd34408186e4bbccfd4996cb3dc -> 
  custom:container-muxer-webm: aa71ff27fc2769a1b78a27578f13a17b -> 
  custom:container-demuxer-webm: 4f35f7cbe854078d1ac9338744f61a02 -> 
  custom:container-demuxer-ogg: 62fdf1f143b41e24485cea50d1cbac27 -> 
  custom:video-encoder-webm-vp8: eb34c28f22e8b96e1ab97ce403110664 -> 
  custom:video-codec-MediaFoundation-h265: 746d11721c4dcdbdad8f713fa42b33f4 -> 
  custom:video-decoder-webm-vp8: 9c59270c3fd7afecdb556c50c9e8de78 -> 
  custom:audio-decoder-ogg-vorbis: bf7c407c2cedff20999df2af8eb42d56 -> 
  custom:audio-encoder-webm-vorbis: bf7c407c2cedff20999df2af8eb42d56 -> 
AssetImportWorkerClient::OnTransportError - code=2 error=End of file
